"","Name","Genotype","Treatment","Class.","Rep","Soil.pH","Phosphorous.P.","Potassium..K.","Calcium..Ca.","Magnesium.Mg.","Sulfur.S.","Boron.B.","Copper.Cu.","Iron.Fe.","Manganese.Mn..","Zinc.Zn.","Sodium.Na.","Organic.Matter","Estimated.N.Release","Nitrate.Nitrogen.NO3N.","Ammonium.Nitrogen","CEC"
"1","I.A.29","G1","Control","Wild Progenitor",1,7.4,191,278,3077,560,25,2.8,3.1,353,44,12.1,101,4.7,138,2.1,1.5,21.2
"2","I.A.29","G1","Control","Wild Progenitor",2,7.7,183,226,2828,536,23,2.6,2.8,317,35,11.2,108,5.2,148,9.3,5,19.7
"3","I.A.29","G1","Control","Wild Progenitor",3,7.7,206,282,2837,558,25,3,3.3,370,38,12.4,117,5.1,146,9.1,6.5,20.1
"4","I.A.29","G1","Control","Wild Progenitor",4,7.9,205,280,2950,529,28,2.7,3.1,337,37,12.1,103,5.6,156,10.6,5.5,20.3
"5","I.A.29","G1","Control","Wild Progenitor",5,7.5,210,302,3202,616,27,3.1,3.4,381,41,12.8,121,5.4,152,7.2,7.4,22.4
"6","I.A.29","G1","Herbivory","Wild Progenitor",1,7.4,192,266,2757,547,17,3.1,3.2,379,39,11.8,103,5.7,158,7,7.9,19.5
"7","I.A.29","G1","Herbivory","Wild Progenitor",2,7.9,192,246,2900,551,15,2.9,3,348,43,11.3,112,5.5,154,2.8,6.7,20.2
"8","I.A.29","G1","Herbivory","Wild Progenitor",3,7.7,194,275,2943,543,24,2.5,3.1,349,38,11.7,95,5.5,154,6.3,4.9,20.4
"9","I.A.29","G1","Herbivory","Wild Progenitor",4,7.7,192,278,2575,508,16,2.5,2.9,324,33,11.1,95,5.6,156,6.9,4.6,18.2
"10","I.A.29","G1","Herbivory","Wild Progenitor",5,7.9,197,255,2960,520,19,2.6,3.1,340,39,12,89,5,144,6.3,4.7,20.2
"11","I.A.29","G1","Flooding","Wild Progenitor",1,7.6,178,335,2793,492,21,2.3,3.1,513,172,10.7,57,5.4,152,1.7,9.8,19.2
"12","I.A.29","G1","Flooding","Wild Progenitor",2,7.6,166,343,2747,512,19,2.3,2.9,563,187,9.7,55,5,144,1.5,11.2,19.1
"13","I.A.29","G1","Flooding","Wild Progenitor",3,8,169,322,2881,503,14,2.3,3.3,533,169,10,59,5.3,150,1.1,9.5,19.7
"14","I.A.29","G1","Flooding","Wild Progenitor",4,8,173,333,2942,495,16,2.5,2.7,542,201,10.2,59,5.4,152,1.1,12.5,19.9
"15","I.A.29","G1","Flooding","Wild Progenitor",5,7.5,162,338,2824,475,22,2.3,2.4,554,195,9.2,45,4.9,142,1.4,12,19.1
"16","I.A.29","G1","DualStress","Wild Progenitor",1,7.8,174,329,3042,503,18,2.2,3,520,186,10.1,46,5.9,162,1.8,9.5,20.4
"17","I.A.29","G1","DualStress","Wild Progenitor",2,7.8,177,344,2794,493,14,2.3,2.6,563,182,9.7,52,5.6,156,2.2,12.1,19.2
"18","I.A.29","G1","DualStress","Wild Progenitor",3,7.7,174,348,2583,475,20,2.2,2.8,539,176,9.7,51,5.2,148,1.7,12.3,18
"19","I.A.29","G1","DualStress","Wild Progenitor",4,8,176,342,2732,494,18,2.4,3.2,519,164,10.5,62,4.8,140,1.9,11.5,18.9
"20","I.A.29","G1","DualStress","Wild Progenitor",5,7.5,174,351,2734,518,19,2.3,3.3,518,168,10.4,61,5.1,146,1.7,12,19.2
"21","I.A.8","G2","Control","Wild Progenitor",1,7.5,184,308,3060,553,15,2.5,3.1,353,54,11.7,59,5.5,154,6.7,8,21
"22","I.A.8","G2","Control","Wild Progenitor",2,7.8,194,304,2962,542,20,2.3,3,364,44,11.9,47,5.4,152,2.9,5.4,20.3
"23","I.A.8","G2","Control","Wild Progenitor",3,7.7,165,260,2521,452,19,1.9,2.5,309,33,10.5,39,5.3,150,7.6,4.3,17.2
"24","I.A.8","G2","Control","Wild Progenitor",4,7.3,186,260,2866,536,15,2.2,2.9,335,36,12.1,60,6,164,7.9,4.9,19.7
"25","I.A.8","G2","Control","Wild Progenitor",5,7.7,203,315,3131,555,19,2.2,3,376,47,13.1,47,5.6,156,2.8,4.8,21.3
"26","I.A.8","G2","Herbivory","Wild Progenitor",1,7.6,189,287,2876,508,22,2.3,2.9,333,41,11.4,49,5.7,158,4.6,5.1,19.6
"27","I.A.8","G2","Herbivory","Wild Progenitor",2,7.5,190,304,3014,537,19,2.3,3,354,44,12.1,58,5.6,156,3.3,5.9,20.6
"28","I.A.8","G2","Herbivory","Wild Progenitor",3,7.7,194,289,2810,511,16,2.5,3,340,37,12.8,44,5.4,152,6,7.3,19.2
"29","I.A.8","G2","Herbivory","Wild Progenitor",4,7.3,178,295,2868,494,19,2.2,2.8,317,34,11.5,42,5.2,148,7.9,5.6,19.4
"30","I.A.8","G2","Herbivory","Wild Progenitor",5,7.5,193,318,3005,557,13,2.4,3,359,41,12.4,55,5.4,152,6.5,5.2,20.7
"31","I.A.8","G2","Flooding","Wild Progenitor",1,7.8,166,337,2912,515,20,2.3,2.9,495,169,10.2,53,5.7,158,1.6,9,19.9
"32","I.A.8","G2","Flooding","Wild Progenitor",2,7.9,172,297,2836,509,16,2.1,3.5,431,126,10.6,65,6,164,2.6,8.4,19.5
"33","I.A.8","G2","Flooding","Wild Progenitor",3,7.5,181,369,3180,535,21,2.1,3.6,441,138,11.8,46,5.1,146,2.8,8.1,21.5
"34","I.A.8","G2","Flooding","Wild Progenitor",4,7.8,179,367,2908,523,15,2.2,3.6,439,134,11.6,57,5.7,158,1.9,8.5,20.1
"35","I.A.8","G2","Flooding","Wild Progenitor",5,7.6,175,338,2767,475,15,2.1,3,495,154,10.8,46,5.5,154,1.6,11,18.9
"36","I.A.8","G2","DualStress","Wild Progenitor",1,7.6,164,330,2621,477,17,2.2,3.3,437,128,10,53,5,144,2.4,10.6,18.2
"37","I.A.8","G2","DualStress","Wild Progenitor",2,7.9,160,309,2934,507,20,2.3,3.3,376,126,10.3,68,4.9,142,2.1,8.4,20
"38","I.A.8","G2","DualStress","Wild Progenitor",3,7.4,169,313,2979,511,22,2.2,3.4,413,132,10.7,66,5,144,2.3,7.9,20.2
"39","I.A.8","G2","DualStress","Wild Progenitor",4,7.6,171,331,2897,536,16,2.4,3.6,386,121,11,74,4.9,142,2.8,7.6,20.1
"40","I.A.8","G2","DualStress","Wild Progenitor",5,7.6,177,297,2818,494,14,2.4,3.2,395,137,11.4,71,5.1,146,2.3,8.7,19.3
"41","30919","G3","Control","Wild",1,7.8,195,241,2927,559,21,2.6,3.1,317,33,12.5,112,5.8,160,7.5,5.1,20.4
"42","30919","G3","Control","Wild",2,7.3,192,296,2856,517,23,2.6,3,333,33,12.2,81,6.2,168,9,6.4,19.7
"43","30919","G3","Control","Wild",3,7.7,200,255,2948,588,18,2.6,3.2,320,31,13.3,99,5.7,158,5.4,4.9,20.7
"44","30919","G3","Control","Wild",4,7.7,214,270,3053,570,33,3.3,3.4,374,38,13.3,123,6.6,176,8.4,6.6,21.2
"45","30919","G3","Control","Wild",5,7.6,191,225,2544,497,22,2.4,2.8,319,34,11.2,83,5.8,160,7.4,4.8,17.8
"46","30919","G3","Herbivory","Wild",1,7.8,183,264,2881,516,15,2.1,2.8,303,29,11.7,58,5.3,150,7.3,4.2,19.6
"47","30919","G3","Herbivory","Wild",2,7.4,178,243,2724,502,18,2,2.6,300,30,11.1,62,5.4,152,8.3,5.5,18.7
"48","30919","G3","Herbivory","Wild",3,7.5,188,293,2977,540,15,2.2,3,315,31,12.1,62,5.5,154,7.3,4.7,20.4
"49","30919","G3","Herbivory","Wild",4,7.5,178,275,3115,567,19,2,2.9,308,33,11.8,50,5.5,154,6.2,5.1,21.2
"50","30919","G3","Herbivory","Wild",5,7.6,191,278,2859,507,20,2.3,2.8,333,33,12,49,5.3,150,9.6,6.7,19.4
"51","30919","G3","Flooding","Wild",1,7.6,185,353,2690,485,19,2,3.1,536,173,10.6,42,5.3,150,2.4,12.1,18.6
"52","30919","G3","Flooding","Wild",2,7.7,173,359,3031,519,19,2.3,3.3,494,168,10.8,66,5.3,150,1.8,9.6,20.7
"53","30919","G3","Flooding","Wild",3,7.6,168,345,2724,472,18,2.1,3.2,508,157,10.2,46,5.2,148,2.6,9.8,18.6
"54","30919","G3","Flooding","Wild",4,7.6,166,356,2778,521,21,2.1,3.6,415,138,10.4,64,4.5,134,2.5,10.5,19.4
"55","30919","G3","Flooding","Wild",5,7.9,178,338,2802,492,16,2.4,2.9,531,170,10,61,4.6,136,2.1,11.9,19.2
"56","30919","G3","DualStress","Wild",1,7.6,177,349,2942,510,19,2.3,2.6,516,190,10,53,5.3,150,1.9,12,20.1
"57","30919","G3","DualStress","Wild",2,7.8,194,368,3151,521,18,2.2,3,537,184,11,44,5.2,148,1.8,12.7,21.2
"58","30919","G3","DualStress","Wild",3,7.8,177,345,2659,467,13,2,2.9,529,163,10,44,4.4,132,2.1,11.7,18.3
"59","30919","G3","DualStress","Wild",4,8,176,349,2629,481,22,2.1,3,530,150,10.1,44,4.9,142,2.2,10.2,18.2
"60","30919","G3","DualStress","Wild",5,7.9,190,354,2897,508,19,2.2,2.9,517,173,10.7,43,5.1,146,1.7,10.2,19.8
"61","Maicillo","G4","Control","Wild",1,7.7,199,309,3049,526,14,2.2,2.9,368,45,12.7,48,5.2,148,5.9,6.4,20.6
"62","Maicillo","G4","Control","Wild",2,7.7,181,232,2996,513,14,2.2,2.9,303,35,11.8,58,5.4,152,6.8,5.5,20.1
"63","Maicillo","G4","Control","Wild",3,7.5,183,264,2862,528,20,2.1,2.8,313,34,12,51,5.5,154,5.8,6,19.6
"64","Maicillo","G4","Control","Wild",4,7.6,189,270,3211,585,15,2.5,3.1,339,35,13.1,62,5,144,7.1,6.9,21.9
"65","Maicillo","G4","Control","Wild",5,7.4,199,252,3001,531,15,2.6,3,374,41,12.6,67,5.5,154,5.7,8.9,20.4
"66","Maicillo","G4","Herbivory","Wild",1,7.7,204,320,3162,556,10,2.4,3.2,376,42,12.9,68,5.3,150,3.5,5.9,21.6
"67","Maicillo","G4","Herbivory","Wild",2,7.6,199,280,3176,546,14,2.2,3,377,46,12.8,51,4.7,138,3,6.2,21.4
"68","Maicillo","G4","Herbivory","Wild",3,7.8,190,326,2916,499,16,2.2,2.8,328,40,11.6,60,5.2,148,14.7,6,19.8
"69","Maicillo","G4","Herbivory","Wild",4,7.6,186,223,2653,484,17,2.1,2.7,316,32,11.5,52,5.3,150,7.2,7.2,18.1
"70","Maicillo","G4","Herbivory","Wild",5,7.3,193,237,2943,562,12,2.1,3.1,326,31,12.9,55,5.1,146,5.7,6.4,20.2
"71","Maicillo","G4","Flooding","Wild",1,7.7,169,286,2755,513,12,2.2,3.4,424,112,10.9,66,5.5,154,2.8,8.7,19.1
"72","Maicillo","G4","Flooding","Wild",2,7.7,174,283,2921,498,15,2.2,3.3,400,129,10.5,69,5.3,150,2.8,7.4,19.8
"73","Maicillo","G4","Flooding","Wild",3,7.9,173,308,2846,523,15,2.3,3.6,442,117,10.6,67,4.7,138,2.3,7.3,19.7
"74","Maicillo","G4","Flooding","Wild",4,7.5,154,282,3096,510,30,2.1,3.3,427,127,9.9,65,4.9,142,3.9,7.6,20.7
"75","Maicillo","G4","Flooding","Wild",5,7.6,183,302,2938,550,16,2.4,3.6,430,145,11.9,76,5.2,148,1.7,8.6,20.4
"76","Maicillo","G4","DualStress","Wild",1,7.7,178,354,2851,525,22,2.3,2.9,528,180,10.3,47,5.3,150,1.5,11.1,19.7
"77","Maicillo","G4","DualStress","Wild",2,7.8,183,343,2732,488,26,2.3,3.2,502,168,10.7,59,5,144,1.2,11.1,18.9
"78","Maicillo","G4","DualStress","Wild",3,7.9,177,341,2790,492,22,2,3.4,481,144,10.7,51,5.2,148,2,9.4,19.1
"79","Maicillo","G4","DualStress","Wild",4,7.6,174,355,2761,494,17,1.9,3.3,472,138,10.6,42,5.4,152,2.1,7.7,19
"80","Maicillo","G4","DualStress","Wild",5,7.8,166,349,2678,476,13,2,2.9,523,152,9.7,50,5.7,158,2,10.2,18.5
"81","Michoacan 351","G5","Control","Mexican landrace",1,7.6,171,255,2632,454,10,1.8,2.6,301,36,10.3,55,4.4,152,6.7,4.2,17.8
"82","Michoacan 351","G5","Control","Mexican landrace",2,7.8,193,285,2904,515,17,2.4,3,356,38,11.9,64,5.6,156,6.3,5.9,19.8
"83","Michoacan 351","G5","Control","Mexican landrace",3,7.4,187,278,3026,539,18,2.3,2.9,352,54,12.4,76,5,144,1.8,5.2,20.7
"84","Michoacan 351","G5","Control","Mexican landrace",4,7.6,213,337,3322,572,19,2.6,3.2,372,43,13.2,76,5.6,156,2,6.1,22.6
"85","Michoacan 351","G5","Control","Mexican landrace",5,7.5,195,255,2913,517,15,2.5,3,348,39,12.5,78,5.5,154,7.4,6.4,19.9
"86","Michoacan 351","G5","Herbivory","Mexican landrace",1,7.9,196,272,3023,538,11,2.4,3,370,47,12.3,77,5.7,158,2.3,5.4,20.6
"87","Michoacan 351","G5","Herbivory","Mexican landrace",2,7.9,205,299,3009,541,19,2.3,3.1,361,42,13,59,5.9,162,2.6,5.6,20.6
"88","Michoacan 351","G5","Herbivory","Mexican landrace",3,7.4,207,304,3177,554,14,2.6,3.2,352,40,13.2,77,5.3,150,8.9,6.7,21.6
"89","Michoacan 351","G5","Herbivory","Mexican landrace",4,7.6,192,259,2732,507,15,2.3,3,334,33,11.9,58,5.8,160,6.2,5.1,18.8
"90","Michoacan 351","G5","Herbivory","Mexican landrace",5,7.6,216,309,3085,549,18,2.5,3.5,373,45,13.7,75,5.6,156,2.2,5.7,21.1
"91","Michoacan 351","G5","Flooding","Mexican landrace",1,7.8,174,311,2553,452,20,2.2,2.8,557,155,10.1,58,5,144,1.6,11.7,17.6
"92","Michoacan 351","G5","Flooding","Mexican landrace",2,7.4,180,336,2841,511,14,2.3,2.6,566,180,10,66,5.1,146,1.6,11.6,19.6
"93","Michoacan 351","G5","Flooding","Mexican landrace",3,7.7,192,367,2701,503,17,2.3,2.7,552,185,10.6,68,5.1,146,1.3,10.7,18.9
"94","Michoacan 351","G5","Flooding","Mexican landrace",4,7.7,186,334,2819,473,15,2.2,3,533,169,11.1,65,5.2,148,1.8,12,19.2
"95","Michoacan 351","G5","Flooding","Mexican landrace",5,8,186,349,2725,498,17,2.3,2.5,552,196,9.9,66,5.5,154,1,10.4,19
"96","Michoacan 351","G5","DualStress","Mexican landrace",1,8,184,326,2707,475,15,2.3,3.1,523,176,10.8,62,5.5,154,1.6,9.5,18.6
"97","Michoacan 351","G5","DualStress","Mexican landrace",2,7.5,185,339,2650,494,15,2.1,2.9,535,174,10.6,62,5.3,150,1.3,11,18.5
"98","Michoacan 351","G5","DualStress","Mexican landrace",3,7.7,181,359,3322,540,17,2.7,2.2,570,226,10.2,75,5.5,154,1,12.5,22.4
"99","Michoacan 351","G5","DualStress","Mexican landrace",4,7.7,188,342,2830,503,21,2.3,2,571,209,9.8,61,6,164,1,11.4,19.5
"100","Michoacan 351","G5","DualStress","Mexican landrace",5,7.6,192,343,2960,528,22,3.2,1.3,560,236,9.2,80,5.3,150,1,13.2,20.4
"101","Moencopi Pueblo ","G6","Control","American landrace",1,7.3,213,314,3131,545,19,2.5,3.3,407,59,13.3,58,5.3,150,3.3,7.5,21.3
"102","Moencopi Pueblo ","G6","Control","American landrace",2,7.5,212,261,3171,527,18,2.8,3.2,380,54,13.3,64,5.5,154,2.2,10.5,21.2
"103","Moencopi Pueblo ","G6","Control","American landrace",3,7.5,211,252,3153,543,22,2.5,3.1,373,42,13.2,59,5.4,152,2.4,8.4,21.2
"104","Moencopi Pueblo ","G6","Control","American landrace",4,7.6,194,223,2766,500,24,2.5,2.9,333,35,12.7,51,5.2,148,4.7,8.3,18.8
"105","Moencopi Pueblo ","G6","Control","American landrace",5,7.5,193,212,2859,515,31,2.4,2.9,316,34,12.1,53,5.3,150,5.8,7.3,19.4
"106","Moencopi Pueblo ","G6","Herbivory","American landrace",1,7.4,201,251,2732,510,24,1.9,3,349,38,12.6,43,5.3,150,4.2,8.5,18.7
"107","Moencopi Pueblo ","G6","Herbivory","American landrace",2,7.5,224,310,3161,583,17,2.3,3.5,406,48,14.3,72,5.4,152,1.7,8.1,21.8
"108","Moencopi Pueblo ","G6","Herbivory","American landrace",3,7.6,217,266,2775,577,22,2.2,3.4,397,40,14,56,5.4,152,5.4,8.3,19.6
"109","Moencopi Pueblo ","G6","Herbivory","American landrace",4,7.7,219,278,2757,528,28,2,3.2,385,45,13.2,41,5.4,152,1.2,7.1,19.1
"110","Moencopi Pueblo ","G6","Herbivory","American landrace",5,7.5,206,239,2998,547,23,2.1,3.4,353,37,12.9,66,5.5,154,4,7.5,20.4
"111","Moencopi Pueblo ","G6","Flooding","American landrace",1,7.7,194,368,2707,523,17,2,2.1,561,227,10.1,53,5,144,1,12.9,19.1
"112","Moencopi Pueblo ","G6","Flooding","American landrace",2,7.9,197,384,2897,559,20,2.2,2,564,236,9.6,56,5,144,1,14.3,20.4
"113","Moencopi Pueblo ","G6","Flooding","American landrace",3,7.9,189,333,2504,478,17,2,1.5,561,212,8.7,56,5.1,146,1.2,15,17.6
"114","Moencopi Pueblo ","G6","Flooding","American landrace",4,7.4,194,366,2842,525,17,2,2.3,555,224,9.8,55,5.1,146,1.2,12.7,19.8
"115","Moencopi Pueblo ","G6","Flooding","American landrace",5,7.6,193,381,2750,527,17,1.9,2.4,564,199,10.2,55,4.8,140,1.5,11.2,19.4
"116","Moencopi Pueblo ","G6","DualStress","American landrace",1,7.4,192,353,2871,494,20,2,2,547,231,9.7,56,5.1,146,1,12.8,19.6
"117","Moencopi Pueblo ","G6","DualStress","American landrace",2,7.6,184,341,2656,483,16,1.8,2.6,539,196,10.1,51,5.3,150,1,12.1,18.4
"118","Moencopi Pueblo ","G6","DualStress","American landrace",3,7.8,197,351,2870,504,18,2,2.8,532,205,11.4,52,5.1,146,1,10.7,19.7
"119","Moencopi Pueblo ","G6","DualStress","American landrace",4,7.7,190,342,2551,480,16,1.8,2.7,547,182,10.2,53,5,144,1.2,13.4,17.9
"120","Moencopi Pueblo ","G6","DualStress","American landrace",5,7.8,191,329,2565,476,18,1.9,1.9,555,204,8.9,56,5.2,148,1.1,12.9,17.9
"121","A Native Texas Dent","G7","Control","American landrace",1,7.6,188,210,2763,523,18,1.8,3.1,326,37,11.8,69,5.2,148,5.5,4.5,19
"122","A Native Texas Dent","G7","Control","American landrace",2,7.5,203,299,2741,518,18,2.1,3.4,433,92,12.3,75,5.1,146,5.2,8.4,19.1
"123","A Native Texas Dent","G7","Control","American landrace",3,7.3,217,284,3040,542,16,2.1,3.4,395,52,13.1,83,5.6,156,2.1,6.8,20.8
"124","A Native Texas Dent","G7","Control","American landrace",4,7.6,205,279,2864,538,18,2.1,3.2,372,53,12.3,74,5.2,148,2.2,7.5,19.8
"125","A Native Texas Dent","G7","Herbivory","American landrace",5,7.4,181,231,2755,514,21,1.9,2.9,311,37,11.3,66,5.1,146,4.8,7.6,18.9
"126","A Native Texas Dent","G7","Herbivory","American landrace",1,7.6,191,316,2854,536,16,2.4,2.5,303,38,14.8,76,5.1,146,2.8,9.3,19.9
"127","A Native Texas Dent","G7","Herbivory","American landrace",2,7.6,184,251,2791,514,16,2.2,2.4,309,54,14.4,72,5.5,154,4.8,7.5,19.2
"128","A Native Texas Dent","G7","Herbivory","American landrace",3,7.5,176,255,2802,520,19,2.1,2.4,286,37,13.9,64,5.7,158,4.5,6.6,19.3
"129","A Native Texas Dent","G7","Herbivory","American landrace",4,7.6,188,291,2747,498,13,2,2.5,291,35,13.8,60,5.4,152,6.2,6,18.9
"130","A Native Texas Dent","G7","Flooding","American landrace",5,7.9,180,293,2793,553,16,2.2,2.8,471,154,12.7,90,5.4,152,1.3,10,19.7
"131","A Native Texas Dent","G7","Flooding","American landrace",1,7.9,165,286,2819,504,17,2.2,2.4,477,168,11.4,77,4.9,142,1,10.7,19.4
"132","A Native Texas Dent","G7","Flooding","American landrace",2,7.6,175,298,2881,534,18,2.3,2.3,458,182,12,83,5.2,148,1.1,10.6,20
"133","A Native Texas Dent","G7","Flooding","American landrace",3,7.5,175,337,2695,533,19,2.4,2.2,483,181,11.3,80,5.3,150,1,12.6,19.1
"134","A Native Texas Dent","G7","DualStress","American landrace",4,7.4,170,324,2614,529,17,2.3,1.6,489,195,10.1,74,4.8,140,1,10.6,18.6
"135","A Native Texas Dent","G7","DualStress","American landrace",5,7.4,175,346,2849,505,17,2.1,2.1,466,185,11.6,65,5.3,150,1.3,13,19.6
"136","A Native Texas Dent","G7","DualStress","American landrace",1,7.7,180,300,2792,563,16,2.5,2.4,452,177,13,88,5,144,1,10,19.8
"137","A Native Texas Dent","G7","DualStress","American landrace",2,7.6,171,313,2829,515,18,2.2,2.8,426,160,12.5,83,4.7,138,1.2,10.1,19.6
"138","A Native Texas Dent","G7","DualStress","American landrace",3,7.7,170,290,2784,524,16,2.4,2.3,455,158,11.8,90,5.3,150,1.6,11.1,19.4
"139","MR19 (Santo Domingo)","G8","Control","Inbred landrace",4,7.7,204,302,2996,580,17,2.4,2.8,327,41,15.6,77,5,144,5,9,20.9
"140","MR19 (Santo Domingo)","G8","Control","Inbred landrace",5,7.7,191,265,2898,524,17,2.6,2.5,302,42,14.4,92,5.3,150,1.9,8.3,19.9
"141","MR19 (Santo Domingo)","G8","Control","Inbred landrace",1,7.4,201,293,2901,537,15,2.4,2.7,322,41,15,79,5.5,154,4.6,8.5,20.1
"142","MR19 (Santo Domingo)","G8","Control","Inbred landrace",2,7.5,183,257,2790,513,14,2.2,2.6,285,33,14.1,76,5.1,146,5.2,6.4,19.2
"143","MR19 (Santo Domingo)","G8","Control","Inbred landrace",3,7.6,207,320,2912,531,20,2.4,2.7,335,48,14.5,99,5.1,146,1.5,7.3,20.2
"144","MR19 (Santo Domingo)","G8","Herbivory","Inbred landrace",4,7.2,193,222,2949,569,22,2.2,2.9,303,34,14.7,75,4.9,142,7.3,6.8,20.5
"145","MR19 (Santo Domingo)","G8","Herbivory","Inbred landrace",5,7.5,198,285,2928,551,17,2.6,2.8,336,41,14.4,68,4.7,138,3,8.5,20.3
"146","MR19 (Santo Domingo)","G8","Herbivory","Inbred landrace",1,7.6,195,254,2695,500,17,2.2,2.7,332,45,13.6,77,5.5,154,1.8,7,18.6
"147","MR19 (Santo Domingo)","G8","Herbivory","Inbred landrace",2,7.6,174,269,2584,510,13,1.9,2.6,288,33,12.4,79,4.8,140,5.8,5.8,18.2
"148","MR19 (Santo Domingo)","G8","Herbivory","Inbred landrace",3,7.8,178,304,2808,532,16,2,2.6,296,37,12.8,61,5.3,150,7.5,6.9,19.5
"149","MR19 (Santo Domingo)","G8","Flooding","Inbred landrace",4,7.7,154,312,2655,544,16,2.1,2.7,467,149,10.7,79,5.1,146,1.5,11.7,19
"150","MR19 (Santo Domingo)","G8","Flooding","Inbred landrace",5,7.6,167,300,2659,503,16,1.9,2.8,473,156,11.3,72,5.2,148,1.7,12,18.6
"151","MR19 (Santo Domingo)","G8","Flooding","Inbred landrace",1,7.6,178,346,2744,524,18,2.1,2.9,498,161,12.1,78,5.5,154,1.8,12.1,19.3
"152","MR19 (Santo Domingo)","G8","Flooding","Inbred landrace",2,7.7,174,330,2670,520,15,2.2,3,416,150,12.3,85,5,144,1.5,11.3,18.9
"153","MR19 (Santo Domingo)","G8","Flooding","Inbred landrace",3,7.5,186,359,2816,530,16,2.1,3.1,459,154,13.1,77,5.3,150,1.3,13,19.8
"154","MR19 (Santo Domingo)","G8","DualStress","Inbred landrace",4,7.7,181,338,2700,516,17,1.9,3.1,473,147,12.8,72,5.3,150,1.3,11.4,19
"155","MR19 (Santo Domingo)","G8","DualStress","Inbred landrace",5,7.9,178,322,2842,490,17,2,2.8,474,145,12,75,5.3,150,1.4,12,17.6
"156","MR19 (Santo Domingo)","G8","DualStress","Inbred landrace",1,7.8,182,375,2902,544,16,2.8,4.4,476,160,12.7,76,5.2,148,1.3,13.7,20.3
"157","MR19 (Santo Domingo)","G8","DualStress","Inbred landrace",2,7.8,177,327,2911,535,15,2.2,2.8,469,167,11.9,85,5.1,146,1,9.6,20.2
"158","MR19 (Santo Domingo)","G8","DualStress","Inbred landrace",3,7.7,177,343,2856,507,16,1.9,2.7,490,173,11.4,73,5.1,146,1.3,13.5,19.7
"159","PHJ40","G9","Control","InbredModern",4,7.5,197,298,3021,565,17,2.3,2.9,353,49,14,85,5.3,150,1.9,6.7,20.9
"160","PHJ40","G9","Control","InbredModern",5,7.6,194,296,2976,550,16,2.1,2.8,329,46,14.2,81,5,144,2.8,5.9,20.6
"161","PHJ40","G9","Control","InbredModern",1,7.5,189,284,2970,558,16,2.1,2.8,330,43,13.2,79,5.4,152,3.7,6.2,20.6
"162","PHJ40","G9","Control","InbredModern",2,7.6,200,288,2918,536,14,2.1,2.8,326,39,13.8,79,5.3,150,4.7,5.7,20.1
"163","PHJ40","G9","Control","InbredModern",3,7.9,185,272,3018,546,15,2,2.8,333,49,13.1,81,5.3,150,2.5,5.4,20.7
"164","PHJ40","G9","Herbivory","InbredModern",4,7.8,192,280,2950,537,15,2,3.1,338,48,13.1,77,5.4,152,2.3,5.9,20.3
"165","PHJ40","G9","Herbivory","InbredModern",5,7.7,184,260,2723,530,15,2.1,2.8,310,35,12.3,98,5.6,156,7,6.4,19.1
"166","PHJ40","G9","Herbivory","InbredModern",1,7.9,169,257,2964,549,14,2,2.7,285,41,12.5,91,5.4,152,6.9,6.2,20.4
"167","PHJ40","G9","Herbivory","InbredModern",2,7.8,166,254,2625,554,13,1.9,2.7,269,33,12,96,5.3,150,5.6,4.6,18.8
"168","PHJ40","G9","Herbivory","InbredModern",3,7.7,184,281,2692,545,18,2.4,2.7,302,41,12.6,117,5.4,152,7.6,7.2,19.2
"169","PHJ40","G9","Flooding","InbredModern",4,7.6,171,353,2813,523,16,1.9,2.5,509,174,11.1,72,4.7,138,1.7,12.9,19.6
"170","PHJ40","G9","Flooding","InbredModern",5,7.5,172,345,2835,548,17,2.2,1.9,518,196,10.2,84,5.3,150,1.1,11.6,20
"171","PHJ40","G9","Flooding","InbredModern",1,7.4,174,345,2737,545,15,2.1,2.3,521,189,10.7,85,5.1,146,1,11.2,19.5
"172","PHJ40","G9","Flooding","InbredModern",2,7.7,171,325,2764,542,16,2.1,2.8,480,176,11.2,80,5.3,150,1.1,10.8,19.5
"173","PHJ40","G9","Flooding","InbredModern",3,7.6,176,319,2714,505,18,2.2,1.8,521,210,9.7,77,5.2,148,0.7,14,18.9
"174","PHJ40","G9","DualStress","InbredModern",4,7.7,177,339,2930,551,16,2.1,3,490,167,12.3,79,5.3,150,1.3,10.8,20.5
"175","PHJ40","G9","DualStress","InbredModern",5,7.7,168,333,2698,512,16,2,2.9,474,166,11.5,74,4.7,138,1.1,10.5,18.9
"176","PHJ40","G9","DualStress","InbredModern",1,7.6,167,314,2512,500,17,2.1,2.7,476,165,11.2,78,4.9,142,1,11.2,17.9
"177","PHJ40","G9","DualStress","InbredModern",2,7.4,170,324,2662,519,15,2.2,2.8,470,166,11.8,82,5.1,146,1,9.4,18.8
"178","PHJ40","G9","DualStress","InbredModern",3,7.7,156,316,2753,523,17,2.1,2.7,442,176,11,83,4.3,130,1,9.8,19.3
"179","DKC68-24","G10","Control","Conventional hybrid",4,7.5,172,203,2751,544,12,1.7,2.6,278,33,12.9,61,5.3,150,4,5.3,19.1
"180","DKC68-24","G10","Control","Conventional hybrid",5,7.5,155,198,2651,515,13,1.8,2.4,264,34,11.7,61,5.5,154,4,6.9,18.3
"181","DKC68-24","G10","Control","Conventional hybrid",1,7.6,162,184,2730,497,14,2.2,2.5,281,36,11.7,71,5.8,160,3.2,9.1,18.6
"182","DKC68-24","G10","Control","Conventional hybrid",2,7.7,195,273,2918,539,14,2.1,2.8,323,40,13.3,77,5.4,152,5.3,7,20.1
"183","DKC68-24","G10","Control","Conventional hybrid",3,7.5,189,244,2786,533,15,2.1,2.7,317,36,13.4,71,5.9,162,4.5,7.7,19.3
"184","DKC68-24","G10","Herbivory","Conventional hybrid",4,7.6,168,211,2770,500,14,1.9,2.5,285,36,12.1,69,5.7,158,5.3,5.8,18.9
"185","DKC68-24","G10","Herbivory","Conventional hybrid",5,7.7,195,287,3045,579,15,2,2.9,325,37,14.2,72,5.9,162,4.9,4.8,21.1
"186","DKC68-24","G10","Herbivory","Conventional hybrid",1,7.5,163,200,2605,483,11,1.6,2.5,281,34,11.6,60,5.5,154,4.1,4.6,17.8
"187","DKC68-24","G10","Herbivory","Conventional hybrid",2,7.6,174,205,2815,531,16,2.2,2.7,298,36,12.5,76,5.5,154,2.7,6.7,19.4
"188","DKC68-24","G10","Herbivory","Conventional hybrid",3,7.6,172,226,2755,511,14,2,2.5,294,39,12.3,75,5.2,148,4.4,6.5,18.9
"189","DKC68-24","G10","Flooding","Conventional hybrid",4,7.4,177,298,2664,504,17,2.1,2.1,518,188,10.4,77,5.3,150,1,11.3,18.6
"190","DKC68-24","G10","Flooding","Conventional hybrid",5,7.6,163,310,2631,485,16,1.8,2.2,512,175,9.6,61,5.4,152,1.9,13.4,18.3
"191","DKC68-24","G10","Flooding","Conventional hybrid",1,7.8,151,294,2812,485,17,1.9,1.8,512,182,8.8,73,5.1,146,1.4,10.1,19.2
"192","DKC68-24","G10","Flooding","Conventional hybrid",2,7.7,153,283,2675,480,15,1.8,1.9,525,191,8.5,68,5.7,158,1.8,11.3,18.4
"193","DKC68-24","G10","Flooding","Conventional hybrid",3,7.7,168,302,2640,480,15,1.8,2.6,506,170,10.4,66,5.6,156,1.7,10.9,18.3
"194","DKC68-24","G10","DualStress","Conventional hybrid",4,7.8,136,280,2586,511,17,1.9,2.7,486,177,9.2,75,5.4,152,1.5,9.8,18.2
"195","DKC68-24","G10","DualStress","Conventional hybrid",5,7.5,152,291,2466,482,15,1.8,2.4,514,167,9.3,73,5.2,148,1,9.7,17.4
"196","DKC68-24","G10","DualStress","Conventional hybrid",1,7.7,156,295,2941,548,16,2,2.9,512,171,10.3,84,5.3,150,1.4,10.6,20.4
"197","DKC68-24","G10","DualStress","Conventional hybrid",2,7.6,152,295,2368,466,14,1.8,2.3,529,168,9.2,70,4.9,142,1.5,11.2,16.8
"198","DKC68-24","G10","DualStress","Conventional hybrid",3,7.6,158,302,2798,508,15,1.9,1.9,528,206,9.2,76,5.2,148,1.1,9.8,19.3
"199","Bulk control",NA,"Flooding","Bulk",4,7.8,178,345,2439,517,14,1.6,2.9,319,90,11.9,59,5.4,152,2.8,5.7,17.6
"200","Bulk control",NA,"Flooding","Bulk",5,7.9,182,363,2633,540,16,1.6,3,327,99,12.2,61,5.4,152,2.9,5.4,18.9
"201","Bulk control",NA,"Flooding","Bulk",1,7.8,188,385,2765,573,14,1.7,3.4,341,112,13.1,69,5.3,150,2.8,6.6,19.9
"202","Bulk control",NA,"Flooding","Bulk",2,7.7,188,356,2739,539,18,1.7,3.1,333,105,12.6,67,5.6,156,4.1,8.5,19.4
"203","Bulk control",NA,"Flooding","Bulk",3,7.9,183,352,2923,546,16,1.8,3.5,373,132,12.3,64,5.5,154,2,7.7,20.3
