"","Name","Domestication","Genotype","Flooding","Herbivory","Treatment_Combination","SampleID","Biomass","Height","Cyclopentanone","X2_Hexenal","ethylcyclopentanone","b_Myrcene","X3_Hexen.1.ol.acetate","X2_Hexen1olacetate","D_Limonene","transbetaOcimene","betaOcimene","y_Terpinene","alpha_Terpinolene","alpha_myrcene","Linalool","Nonanal","Dimethylnonatriene","Bicyclopentyl1diene","Methylsalicylate","X11_Bicyclopentyl2one","Indole","Tridecane","alphaMuurolene","Ylangene","alphaCopaene","betaBourbonene","alphaSesquiphellandrene","gamma_Himachalene","Caryophyllene","epi_Bicyclosesquiphellandrene","transalphaBergamotene","Sesquisabinene","Humulene","EbetaFarnesene","betaCopaene","y_Muurolene","GermacreneD","X1Pentadecane","Pentadecane","betaBisabolene","betaCucurmene","betasesquiphellandrene","transGeranylgeraniol","Total_VOCs"
"1","I.A.29","Wild Progenitor","G1","Not_Flooded","No","Control","G1_C_1",43.57,113.1,27036.35529,0,4033.371586,648.9557035,1687.652054,0,622.5613955,240.555428,10422.17122,0,0,199.3344044,471.4482442,0,30565.13656,1500.068855,0,40725.08607,0,0,9134.771632,4302.203351,0,160.8446179,1011.085609,0,30919.27932,228.8271747,14796.67202,270.9662612,18296.80973,0,250.700023,300.803305,1253.706679,277.6222171,418.3383062,277.3467983,0,462.7266468,1177.759927,201693.1604
"2","I.A.29","Wild Progenitor","G1","Not_Flooded","No","Control","G1_C_2",57.08,121.5,19851.31395,0,3436.720392,0,2390.592151,0,511.1247372,89.80378416,1316.310441,0,0,79.43237561,287.1758935,0,5076.156272,1089.155571,82.27049755,0,0,83.12894184,1377.224947,354.8177996,0,0,0,0,1186.002102,0,314.085494,0,240.1541696,0,0,0,0,0,0,0,0,0,0,37765.46952
"3","I.A.29","Wild Progenitor","G1","Not_Flooded","No","Control","G1_C_3",38.14,100.4,42789.90561,798.3481909,8700.603041,305.1651809,8998.453068,0,1699.606712,790.2202412,285.972732,0,404.8505506,150.9963293,733.5081279,0,6957.498689,3347.037231,241.1903513,68350.49816,0,0,5332.433141,3442.501311,0,144.1793393,0,0,25267.75039,147.2469848,6299.34452,0,2935.002622,0,0,270.7918196,6386.182486,419.48086,284.5831148,262.3230205,0,192.7635029,0,195938.4373
"4","I.A.29","Wild Progenitor","G1","Not_Flooded","No","Control","G1_C_4",35.27,100.5,35314.65835,0,6255.457896,0,3817.238446,0,1092.344769,164.4740573,1563.680181,0,0,0,352.56592,0,5227.161894,1815.452226,0,61629.54352,0,164.2472356,816.2177488,1377.204423,0,0,0,0,5934.193365,0,9527.388716,0,3983.838957,0,0,0,0,0,289.5662036,0,394.272753,0,0,139719.5067
"5","I.A.29","Wild Progenitor","G1","Not_Flooded","No","Control","G1_C_5",38.8,119.2,42242.73196,118.7371134,6483.092784,329.8195876,3574.871134,0,725.7989691,367.7835052,1475.128866,0,0,157.9639175,336.6237113,0,8185.953608,2021.597938,108.7113402,48749.69072,0,116.185567,4078.170103,1153.376289,0,0,1960.850515,955.9793814,2373.582474,0,345.0773196,0,202.0103093,0,0,0,253.9175258,0,0,0,115.8247423,110.5412371,0,126544.0206
"6","I.A.29","Wild Progenitor","G1","Not_Flooded","No","Control","G1_C_6",45.45,104.2,22965.4417,348.5276796,3637.997644,330.3415783,3089.799764,0,551.6372203,94.36984688,0,0,0,0,253.5924617,0,697.8563015,1048.339223,81.83745583,39079.08127,107.3027091,79.34040047,2788.881037,1726.972909,0,0,0,0,2839.858657,0,140.1413428,0,0,0,0,0,217.9269729,0,0,78.46878681,0,0,0,80157.71496
"7","I.A.29","Wild Progenitor","G1","Not_Flooded","Herbivory","Herbivory","G1_H_1",51.08,127.4,13494.6946,0,0,0,93904.15035,12534.04464,0,0,1473.981989,0,0,0,15506.852,2649.745497,41992.01253,0,0,6823.981989,1409.729836,0,0,0,0,0,1618.480814,777.7603759,57775.97886,0,84094.16601,2281.127643,1933.868442,148108.5552,0,0,424.7454973,486.2176977,0,1075.6852,0,2867.032106,2502.153485,493734.9648
"8","I.A.29","Wild Progenitor","G1","Not_Flooded","Herbivory","Herbivory","G1_H_2",45.21,107.1,0,6053.019244,0,363.9902676,28425.03871,4396.90334,0,0,1904.445919,0,0,0,21321.49967,702.632161,30673.72263,0,0,3469.542137,0,0,1676.133599,367.6399027,0,0,941.6279584,195.443486,92907.34351,0,98245.78633,1970.714444,3521.809334,87629.48463,357.0227826,147.3346605,241.3625304,214.6870161,282.4375138,426.3437293,0,1061.557178,0,387497.5227
"9","I.A.29","Wild Progenitor","G1","Not_Flooded","Herbivory","Herbivory","G1_H_3",49.27,118.2,0,24447.77755,0,805.1349706,56694.51999,6053.054597,0,267.9926933,6026.405521,0,0,0,19502.67912,3182.809012,14147.75726,0,0,4776.030039,0,0,9593.221027,1786.29998,0,0,1372.275218,0,62877.63345,0,81612.44165,2144.063325,2144.672214,118728.1104,283.8441242,0,267.5258778,385.1024964,355.46986,860.6048305,0,2444.266288,1649.868074,422409.5596
"10","I.A.29","Wild Progenitor","G1","Not_Flooded","Herbivory","Herbivory","G1_H_4",41.71,104.5,22858.59506,1775.976984,0,0,11309.0386,568.9283146,282.0187006,0,2021.026133,0,0,0,6007.28842,4535.531048,62969.91129,403.3325342,0,15409.2304,0,0,12756.96476,8198.849197,0,0,4824.382642,0,207909.0865,342.8674179,281365.0444,4853.776073,6230.304483,259385.6869,741.8844402,833.5411172,1395.037161,1631.023735,3652.841045,4622.224886,0,19432.12659,477.9429393,946794.4618
"11","I.A.29","Wild Progenitor","G1","Not_Flooded","Herbivory","Herbivory","G1_H_5",45.15,113.5,52270.65338,3983.477298,0,915.8139535,4540.730897,0,722.2812846,453.200443,11928.08416,0,0,810.2990033,3324.097453,0,161027.309,0,0,1694.662237,0,0,0,0,0,0,6010.564784,1111.406423,301312.9125,0,175620.5759,4062.591362,11140.22148,106432.7132,951.0963455,374.6843854,478.5603544,414.6179402,1054.662237,0,0,2280.819491,2303.45515,855219.4907
"12","I.A.29","Wild Progenitor","G1","Not_Flooded","Herbivory","Herbivory","G1_H_6",43.23,118,0,578.302105,0,0,3458.871154,0,0,0,1324.520009,0,0,0,1944.529262,0,5978.440898,0,0,2680.823502,0,0,401.6655101,0,0,0,759.4725885,0,26044.25168,0,76507.61046,1252.995605,905.227851,38916.84016,0,0,367.8232709,80.22206801,97.50173491,713.740458,350.1040944,402.0356234,408.2118899,163173.1899
"13","I.A.29","Wild Progenitor","G1","Flooded","No","Flooding","G1_F_1",19.83,77.5,111917.0953,0,19028.89561,484.3166919,7199.747857,0,5915.632879,0,1071.205245,0,0,153.2022189,2589.914271,0,46614.12002,6337.418053,416.3893091,144718.709,0,371.1548159,0,162.2793747,0,371.4069592,180.1311145,479.5763994,26838.27534,0,16449.8235,0,13970.2471,0,957.8416541,0,5498.184569,972.566818,583.308119,181.4926878,0,0,661.2708018,414124.2057
"14","I.A.29","Wild Progenitor","G1","Flooded","No","Flooding","G1_F_2",19.33,57.8,78615.93378,255.2509053,10348.47387,1039.161924,6933.367822,0,1370.408691,0,354.061045,154.3714434,0,0,1762.183135,0,12562.33833,2962.079669,229.3843766,105543.3006,0,200.931195,12223.38334,3580.962235,0,242.6797724,219.6585618,0,24381.94516,0,16080.7553,126.3838593,6805.897569,0,0,205.8975685,0,0,387.1184687,172.2193482,0,361.0450078,148.9912054,287268.1842
"15","I.A.29","Wild Progenitor","G1","Flooded","No","Flooding","G1_F_3",24.18,87.5,80880.64516,22503.01902,11732.09264,876.6335815,6439.660877,155.0868486,4681.637717,234.1604632,7775.558313,0,0,341.1497105,6830.934657,0,88576.59222,3823.69727,274.1521919,107874.0695,0,319.2721257,168.0314309,682.9197684,0,324.4003309,5032.712986,139.3300248,48688.50289,927.9983457,102046.1125,1634.822167,72074.11084,0,1007.816377,0,4504.962779,1643.879239,1075.930521,157.6095947,155.5004136,2014.061208,14192.55583,599789.6195
"16","I.A.29","Wild Progenitor","G1","Flooded","No","Flooding","G1_F_4",20.95,65.8,60664.86874,0,1189.642005,0,7548.210024,0,190.9307876,0,0,0,0,0,0,0,1412.983294,174.0811456,0,14958.18616,0,101.6229117,0,135.9427208,0,0,0,0,24920.38186,0,163.7708831,0,180.3818616,0,0,0,243.1026253,0,0,215.2267303,0,0,0,112099.3317
"17","I.A.29","Wild Progenitor","G1","Flooded","No","Flooding","G1_F_5",14.09,78.6,173515.6139,13544.07381,28028.10504,7953.016324,30895.59972,1646.770759,3925.266146,933.9957417,17257.7005,1626.89851,0,987.0830376,19182.54081,0,183538.7509,7850.532292,0,156576.5791,0,641.58978,0,0,0,810.4329312,7262.242725,3909.013485,181323.5628,0,437947.3385,5103.548616,402015.0461,1187.012065,0,726.8985096,952.0227111,7410.07807,1680.269695,6754.364798,1008.658623,29411.07168,11496.94819,1747102.626
"18","I.A.29","Wild Progenitor","G1","Flooded","No","Flooding","G1_F_6",20.06,64.7,93127.8664,2984.346959,17560.41874,5079.411765,7802.791625,0,1473.928215,238.1854437,3924.925224,116.6999003,0,311.7148554,18095.46361,210.9172483,85371.03689,4726.121635,283.3000997,107116.1017,0,251.445663,159.9700897,517.3479561,0,109.7208375,1113.858425,0,29546.70987,379.8105683,37111.3659,440.1794616,34589.1326,0,0,0,0,298.0059821,346.2612164,171.4356929,166.6999003,894.0179462,359.4217348,454878.6142
"19","I.A.29","Wild Progenitor","G1","Flooded","Herbivory","DualStress","G1_FH_1",28.93,87.6,40458.24404,285.9661251,6056.792257,375.2851711,3620.877981,61.14759765,371.7594193,107.6391289,6590.390598,99.4123747,0,375.6653992,5994.884203,667.9917041,46953.30107,1637.158659,0,12596.99274,54.78741791,111.1303146,220.9125475,363.6017974,0,0,497.4766678,48.46180436,2049.879018,0,34511.30315,286.9685448,214.0684411,15510.19703,432.6304874,0,1852.471483,474.559281,911.5451089,64.91531282,147.1828552,798.7901832,674.0062219,185478.3961
"20","I.A.29","Wild Progenitor","G1","Flooded","Herbivory","DualStress","G1_FH_2",24.6,85.1,47265.1626,2463.780488,5432.96748,2750.487805,48383.90244,7041.666667,5667.195122,1006.01626,28141.95122,4914.268293,940.2439024,1526.463415,16187.07317,2208.658537,156635.5285,3508.495935,0,25479.43089,0,723.3739837,2930.203252,954.6747967,0,198.2926829,1265,0,23777.64228,215.203252,60787.35772,1373.98374,1226.422764,45269.95935,917.7235772,219.8373984,6596.666667,1958.089431,1456.056911,282.3577236,0,884.1463415,1244.349593,511834.6342
"21","I.A.29","Wild Progenitor","G1","Flooded","Herbivory","DualStress","G1_FH_3",19.32,76.2,77338.9234,10798.9648,6304.140787,452.1221532,6046.79089,331.6252588,110.3519669,114.0269151,1777.846791,0,193.2194617,401.4492754,3850.310559,788.7163561,52615.01035,998.0848861,0,23941.97723,0,356.9358178,6753.10559,1869.875776,0,0,143.4782609,701.552795,11563.87164,113.1987578,8141.200828,0,165.7867495,1379.503106,510.2484472,0,3205.641822,411.6977226,1861.853002,0,0,0,119.6687371,223361.1801
"22","I.A.29","Wild Progenitor","G1","Flooded","Herbivory","DualStress","G1_FH_4",16.48,62.9,243233.1311,158954.551,66065.1699,1922.633495,51291.32282,7682.82767,8220.084951,295.0849515,21691.62621,1150.242718,324.8786408,2968.143204,60059.95146,52711.04369,284318.568,4537.43932,0,84068.93204,611.1650485,868.0218447,2651.092233,564.5024272,0,478.5800971,1651.456311,0,163473.1796,911.711165,45229.97573,778.276699,5564.684466,41426.51699,336.0436893,0,580.9466019,0,674.9393204,0,0,0,341.6262136,1315638.35
"23","I.A.29","Wild Progenitor","G1","Flooded","Herbivory","DualStress","G1_FH_5",18.33,66.3,116903.9825,24133.22422,14716.63939,848.8816148,30723.07692,8907.474086,2798.58156,227.2231315,12367.70322,177.959629,121.4948172,688.3797054,118613.257,9324.004364,120753.6279,872.7768685,0,31556.57392,478.0687398,398.7997818,135.3518822,546.2084015,0,156.7375887,1016.366612,0,41023.56792,0,70372.83142,1442.498636,1520.676487,74959.4108,0,138.3524277,350.1363884,368.8488816,692.3076923,140.6437534,172.9405346,124.1680306,245.8810693,688018.6579
"24","I.A.29","Wild Progenitor","G1","Flooded","Herbivory","DualStress","G1_FH_6",11.42,53.8,341230.9982,0,122450.5254,4258.844133,131546.7601,16582.1366,2494.1331,0,43216.46235,481.6987741,668.0385289,1865.236427,49635.55166,10297.63573,217429.7723,4117.513135,803.2399299,40576.35727,501.0507881,1245.271454,2396.409807,533.2749562,0,0,3253.765324,0,53366.63748,0,155120.1401,2374.69352,2373.204904,96346.6725,0,0,9443.169877,1795.359019,4016.287215,1966.549912,0,3958.231173,2021.978984,1328367.601
"25","I.A.8","Wild Progenitor","G2","Not_Flooded","No","Control","G2_C_1",27.51,93.6,91529.58924,930.5343511,12901.89022,1194.910941,8970.156307,109.6328608,3097.41912,0,1949.58197,0,103.2715376,154.1621229,898.1461287,0,3088.040712,3512.904398,0,75288.84042,124.173028,199.0548891,139.7310069,0,0,0,0,0,369.0657943,0,0,0,0,0,0,0,0,0,112.6862959,219.9927299,0,0,0,204893.7841
"26","I.A.8","Wild Progenitor","G2","Not_Flooded","No","Control","G2_C_2",32.08,100.9,72605.67332,557.2630923,13522.78678,0,4281.483791,0,2556.32793,0,1489.495012,0,0,0,376.9950125,0,3066.677057,3924.875312,0,84313.18579,0,276.8391521,4388.061097,970.105985,0,86.4713217,538.1546135,0,2437.874065,0,113.6221945,0,0,0,0,0,0,0,259.6321696,119.7630923,0,0,0,195885.2868
"27","I.A.8","Wild Progenitor","G2","Not_Flooded","No","Control","G2_C_3",40.4,101.7,64833.93564,114.7277228,9544.950495,103.3663366,3340.19802,0,2535.074257,0,1602.871287,0,0,86.63366337,0,0,420.7673267,2952.772277,126.1138614,67799.10891,81.60891089,157.3514851,461.1386139,234.9257426,0,97.7970297,0,0,273.2425743,0,0,0,0,0,0,0,219.1336634,0,0,0,0,0,0,154985.7178
"28","I.A.8","Wild Progenitor","G2","Not_Flooded","No","Control","G2_C_4",59.57,101.8,16549.11868,60.85277824,2995.282861,0,2552.526439,0,394.4099379,0,0,0,38.54289072,0,70.33741816,0,2268.507638,829.6793688,73.02333389,29473.25835,45.1569582,63.85764647,2525.818365,936.7298976,0,49.90767165,188.064462,0,4764.512338,0,624.1060937,0,72.85546416,0,0,81.76934699,0,0,69.85059594,57.44502266,0,178.6805439,0,64964.2941
"29","I.A.8","Wild Progenitor","G2","Not_Flooded","No","Control","G2_C_5",29.81,103.8,64953.97518,0,8233.881248,0,4904.595773,0,2398.658168,0,678.1616907,0,0,0,766.8903053,0,4752.499161,2327.876551,179.7718886,91447.63502,318.3830929,273.8678296,375.4444817,286.0114056,0,328.6816505,305.0989601,467.6618584,5669.204965,0,1827.474002,0,688.661523,0,0,0,829.9899363,0,532.3045958,200.2683663,349.513586,0,0,193096.5112
"30","I.A.8","Wild Progenitor","G2","Not_Flooded","No","Control","G2_C_6",38.81,95.1,32489.95104,0,4576.191703,0,3451.430044,0,2209.018294,0,0,361.8139655,0,0,0,0,1146.096367,927.9309456,130.0438031,57258.12935,0,146.9724298,0,0,0,134.0118526,0,0,2446.250966,0,0,0,0,0,0,0,0,0,0,123.6021644,0,0,0,105401.4429
"31","I.A.8","Wild Progenitor","G2","Not_Flooded","Herbivory","Herbivory","G2_H_1",38.15,80.6,0,782.0969856,0,171.4547837,11860.78637,618.112713,0,0,0,0,0,0,6358.768021,176.8283093,42098.26999,0,0,2946.369594,0,0,438.9252949,317.6671035,0,0,1192.214941,0,8541.074705,0,148438.4535,2336.880734,196.1205767,90513.3945,0,0,363.1716907,230.1703801,0,456.4875491,0,1208.335518,0,319245.5833
"32","I.A.8","Wild Progenitor","G2","Not_Flooded","Herbivory","Herbivory","G2_H_2",30.12,107.3,0,28128.71846,0,0,4635.856574,0,0,0,2817.430279,0,0,474.9667995,19343.7583,3280.909695,188513.8114,0,0,10630.47809,0,0,818.625498,699.1035857,0,0,6047.443559,568.8247012,312867.1979,0,298756.7065,8185.325365,11539.11023,444637.5166,1246.547145,459.3625498,1286.520584,945.0199203,463.0146082,1680.577689,0,3417.994688,612.2177955,1352057.039
"33","I.A.8","Wild Progenitor","G2","Not_Flooded","Herbivory","Herbivory","G2_H_3",34.82,100.4,0,8628.834003,0,0,5157.840322,0,0,0,99.97128087,0,0,0,627.4554854,618.6387134,13628.31706,0,0,4308.385985,0,0,0,0,0,0,70.10338886,0,3069.098219,0,13221.82654,116.7719701,0,8112.636416,0,0,0,0,248.9661114,86.96151637,0,0,0,57995.80701
"34","I.A.8","Wild Progenitor","G2","Not_Flooded","Herbivory","Herbivory","G2_H_4",36.27,116.5,18204.13565,0,0,0,5356.410256,703.1430935,0,0,404.0805073,0,0,0,3398.814447,0,10541.1635,0,0,3976.123518,0,0,272.8701406,209.5119934,0,0,1778.218914,0,34765.5914,0,150405.8451,1815.274331,1210.614833,46115.85332,0,0,386.1317894,781.8582851,358.4505101,1806.506755,0,7003.970223,0,289494.5686
"35","I.A.8","Wild Progenitor","G2","Not_Flooded","Herbivory","Herbivory","G2_H_5",41.49,104.2,11913.1839,245.5531453,0,0,5137.237889,751.6751024,0,0,0,0,0,0,1897.421065,251.86792,5627.331887,82.23668354,0,2457.821162,0,0,0,0,0,0,322.4632442,96.24005785,11445.64955,0,78043.48036,643.263437,272.4029887,45327.95854,0,0,208.2429501,0,625.066281,122.5114485,169.5589299,511.4967462,0,166152.6633
"36","I.A.8","Wild Progenitor","G2","Not_Flooded","Herbivory","Herbivory","G2_H_6",38.94,109.3,0,0,0,124.473549,3455.75244,0,0,0,0,0,0,0,82.28043143,0,1596.944016,0,0,2480.174628,0,0,0,0,0,0,0,0,7755.033385,0,11964.32974,71.44324602,123.6004109,4375.552131,66.6153056,0,0,0,347.1237802,129.7637391,0,0,0,32573.0868
"37","I.A.8","Wild Progenitor","G2","Flooded","No","Flooding","G2_F_1",14.27,73.1,139314.2957,6722.704975,15545.69026,0,10237.98178,0,0,0,306.8675543,0,0,0,1961.597758,0,433.917309,3012.053259,0,121549.1941,0,390.1892081,313.3847232,0,0,0,1323.615978,3281.149264,13454.59005,0,2041.83602,0,3461.878066,0,0,0,0,0,0,0,0,0,0,323350.946
"38","I.A.8","Wild Progenitor","G2","Flooded","No","Flooding","G2_F_2",17.13,76.8,135740.0467,958.3771162,17206.01284,0,9762.288383,0,1937.711617,0,0,0,0,204.2031524,219.4979568,0,997.1395213,4838.820782,282.3117338,162403.2107,0,404.2031524,6326.795096,929.0718039,0,0,0,0,302.9772329,0,1232.457677,0,0,0,0,0,0,0,296.2054874,322.4168126,0,0,0,344363.7478
"39","I.A.8","Wild Progenitor","G2","Flooded","No","Flooding","G2_F_3",13.53,61.6,234704.4346,0,42599.03917,355.2845528,11141.31559,0,9560.82779,0,1597.043607,0,0,679.3052476,965.631929,0,31600.7391,10721.0643,549.5934959,250301.1086,0,904.5084996,3712.195122,1954.175905,0,0,2950.184775,377.4575018,10419.95565,0,7202.734664,0,3166.444937,0,0,0,0,0,1445.084996,1057.427938,488.3961567,0,0,628453.9541
"40","I.A.8","Wild Progenitor","G2","Flooded","No","Flooding","G2_F_4",10.11,61.5,355911.6716,717.4085064,59798.61523,5330.66271,15908.50643,0,0,0,5886.053412,0,0,1183.877349,3981.206726,529.6735905,55570.52423,18749.15925,1014.342235,382331.2562,0,923.2443126,0,0,0,864.8862512,0,0,15784.76756,0,2003.659743,0,987.2403561,0,0,0,0,0,1702.373887,419.8813056,0,0,0,929599.0109
"41","I.A.8","Wild Progenitor","G2","Flooded","No","Flooding","G2_F_5",7.77,45.4,250340.2831,26049.54955,66055.21236,1607.078507,23099.2278,0,0,0,1842.985843,0,0,1425.997426,1820.07722,0,1313.770914,25486.48649,0,637609.1377,0,1588.674389,4187.129987,1471.814672,0,2844.658945,0,0,2193.693694,0,0,0,0,0,0,0,0,0,3859.459459,804.6332046,0,0,0,1053599.871
"42","I.A.8","Wild Progenitor","G2","Flooded","No","Flooding","G2_F_6",17.33,60.9,64491.80612,0,15891.74841,3132.025389,9757.703405,0,6003.346797,0,2827.29371,0,0,345.8165032,2282.227351,0,26987.36295,5416.387767,0,205266.2435,0,366.1281016,66106.46278,25186.95903,389.9019042,985.0548182,2559.780727,2529.774957,19173.05251,1287.593768,2585.804962,401.3848817,3790.017311,0,0,2618.522793,0,0,1557.934218,1449.971148,0,2594.57588,2809.924986,478794.8067
"43","I.A.8","Wild Progenitor","G2","Flooded","Herbivory","DualStress","G2_FH_1",10.44,52.4,243256.1303,5306.992337,76018.77395,730.0766284,175191.954,14286.11111,3361.877395,813.3141762,40557.75862,1734.099617,0,3827.586207,48552.39464,10833.71648,346676.4368,3822.701149,0,44651.341,0,1098.084291,0,0,0,0,3022.030651,389.559387,81664.36782,748.1800766,129823.4674,1646.934866,3240.996169,72117.04981,1717.337165,0,0,1007.183908,8385.057471,423.2758621,674.9042146,1722.701149,0,1327302.395
"44","I.A.8","Wild Progenitor","G2","Flooded","Herbivory","DualStress","G2_FH_2",12.08,67.8,146959.5199,828.3112583,39777.81457,4375.496689,139840.894,59724.50331,2348.427152,0,19295.36424,0,0,6229.139073,36138.16225,5114.900662,612357.947,2323.923841,0,22640.81126,0,837.3344371,4276.572848,1900.496689,0,0,8260.016556,1299.006623,485841.4735,4938.576159,336943.7086,6187.996689,21465.23179,248165.7285,3822.847682,696.7715232,5422.847682,3945.529801,4284.437086,3117.384106,1059.188742,3127.069536,5787.748344,2249335.182
"45","I.A.8","Wild Progenitor","G2","Flooded","Herbivory","DualStress","G2_FH_3",13.69,59.1,124563.0387,28928.63404,46518.18846,2843.827611,269556.6837,45796.05551,4048.721695,1523.374726,33841.271,898.0277575,0,6016.87363,39838.5683,3761.723886,566807.5237,2344.046749,0,31615.04748,5052.154858,2247.479912,0,0,0,0,5400.876552,622.3520818,80189.9927,579.2549306,394335.5734,5865.157049,168888.6779,2703.652301,0,614.8283419,13992.76844,4884.58729,3918.480643,4848.575603,839.4448503,18428.92622,8089.919649,1930404.31
"46","I.A.8","Wild Progenitor","G2","Flooded","Herbivory","DualStress","G2_FH_4",15.98,61,202890.9262,31741.17647,48024.40551,1281.35169,88344.11765,5331.789737,4107.321652,1427.596996,39103.12891,1489.173967,0,2950.500626,57050.93867,14252.12766,379617.3967,4359.574468,617.9599499,43088.23529,752.5657071,1060.137672,0,380.4130163,0,0,2459.011264,0,73284.54318,439.7997497,137349.1865,2238.297872,0,89133.97997,609.0112641,0,0,879.0362954,1896.808511,926.6583229,0,0,4793.116395,1241880.288
"47","I.A.8","Wild Progenitor","G2","Flooded","Herbivory","DualStress","G2_FH_5",16.36,69.8,225149.7555,802.6894866,93369.00978,4409.413203,27379.4621,2920.537897,2559.535452,1326.772616,28074.20538,449.5721271,0,1861.430318,18962.28606,674.1442543,228147.1271,2790.281174,0,24627.75061,475.9779951,1331.784841,796.2713936,0,0,0,5864.364303,965.1589242,412324.2665,1991.625917,120442.2983,2648.594132,14998.10513,81013.38631,1104.706601,0,0,535.6356968,1374.755501,881.7848411,1425,0,1462.897311,1313140.587
"48","I.A.8","Wild Progenitor","G2","Flooded","Herbivory","DualStress","G2_FH_6",10.48,60.4,411297.042,1446.755725,137104.9618,1797.328244,34040.83969,1422.614504,8085.496183,757.1564885,38224.23664,2311.545802,0,5144.561069,21713.4542,9364.026718,566404.9618,5413.740458,0,68554.10305,1110.591603,1669.751908,0,0,0,0,11163.83588,888.8358779,248842.6527,901.3358779,435500.4771,10753.33969,9910.114504,297842.6527,2179.484733,577.2900763,18592.17557,3585.687023,4258.587786,2360.496183,0,4684.923664,4099.045802,2372004.103
"49","30919","Wild","G3","Not_Flooded","No","Control","G3_C_1",49.28,102.1,18872.82873,0,5870.170455,0,3194.602273,0,814.6306818,0,147.7678571,0,0,465.3612013,234.5576299,78.73376623,37023.41721,1810.856331,125.3246753,51757.69075,0,118.9732143,0,156.5949675,0,76.25811688,145.211039,82.58928571,9906.61526,0,3890.44237,0,237.2564935,0,0,0,0,0,145.3125,76.88717532,0,0,0,135232.082
"50","30919","Wild","G3","Not_Flooded","No","Control","G3_C_2",33.94,107.3,45304.36064,103.8597525,8902.239246,205.509723,4141.632292,0,2581.290513,390.7778433,92.69298763,0,0,118.0318209,1474.425457,0,5877.19505,3479.758397,178.6977018,67316.88273,0,298.1143194,1310.017678,2300.294638,0,83.91278727,0,0,22759.60519,0,139.8644667,0,605.3624042,0,0,0,0,0,95.25633471,127.3423689,0,0,0,167887.1243
"51","30919","Wild","G3","Not_Flooded","No","Control","G3_C_3",42.98,99.4,16558.07352,62.37785016,4797.208004,87.99441601,3673.964635,0,516.0772452,172.7082364,63.4481154,0,0,90.18147976,1179.222894,0,4246.207538,1651.279665,91.60074453,47194.20661,0,0,0,0,0,0,0,0,0,0,308.5621219,0,0,0,0,0,0,0,80.1535598,65.96091205,0,0,0,80839.22755
"52","30919","Wild","G3","Not_Flooded","No","Control","G3_C_4",39.17,98.9,29525.91269,71.91728364,9010.569313,0,4420.525913,0,1247.56191,396.9619607,0,0,64.53918815,98.39162624,188.3584376,0,6907.224917,3427.138116,210.7735512,58823.92137,0,0,535.1799847,737.8350779,0,0,0,0,172.7342354,0,376.7934644,0,0,0,0,0,0,0,0,134.8736278,0,0,0,116351.2127
"53","30919","Wild","G3","Not_Flooded","No","Control","G3_C_5",55.64,99.5,9147.178289,0,3156.092739,0,3140.168943,0,157.6024443,117.9187635,0,0,0,155.8231488,142.4874191,34.05823149,8719.320633,1134.867002,0,27602.92955,0,91.44500359,946.5312725,2142.415528,0,0,66.01365924,0,162.6527678,0,296.9626168,0,40.65420561,0,0,29.11574407,0,0,0,58.89647735,0,28.39683681,0,57371.53127
"54","30919","Wild","G3","Not_Flooded","No","Control","G3_C_6",45.56,109.7,4488.762072,0,1432.462687,36.67690957,3127.15101,0,105.048288,0,77.56804214,0,0,0,0,0,4080.311677,471.3784021,0,24102.76558,0,61.15013169,415.9569798,1413.257243,0,0,0,0,4843.415277,0,502.3924495,0,70.52238806,0,0,36.06233538,0,0,0,53.3143108,0,0,0,45318.19578
"55","30919","Wild","G3","Not_Flooded","Herbivory","Herbivory","G3_H_1",45.96,89.8,4924.912968,22293.42907,118.7119234,0,12489.57789,0,0,0,3227.719756,0,0,206.4403829,182.4412533,3440.230635,55772.78068,226.740644,0,8574.042646,0,0,800.7832898,657.6588338,0,0,940.0130548,0,1503.372498,0,89353.41601,1574.434291,0,29761.27067,0,0,0,0,137.0322019,156.1357702,0,1067.689295,0,237408.8338
"56","30919","Wild","G3","Not_Flooded","Herbivory","Herbivory","G3_H_2",56.65,95.1,3477.793469,28405.41924,308.6319506,1580.176523,25875.37511,0,0,643.4068844,17874.42189,0,0,1090.27361,43947.99647,4443.795234,276720.0177,0,0,8951.050309,0,0,1529.073257,1430.361871,0,0,1575.586937,0,578.5701677,0,102377.5993,2661.429832,0,42551.19153,0,0,0,0,0,307.0079435,0,1182.842012,0,567512.0212
"57","30919","Wild","G3","Not_Flooded","Herbivory","Herbivory","G3_H_3",39.91,80.5,3314.532699,39106.38938,0,2079.027813,23409.12052,0,0,1722.47557,50270.48359,0,0,1716.136307,18784.38988,4944.725633,367624.2295,811.2002005,0,11966.67502,0,551.4407417,1959.95991,1332.147331,0,0,5458.882486,3378.827362,60860.83688,0,305741.7439,7964.52017,0,94300.25056,0,671.3856176,803.2072162,0,0,1549.812077,547.6321724,4728.514157,0,1015598.547
"58","30919","Wild","G3","Not_Flooded","Herbivory","Herbivory","G3_H_4",57.28,102.7,11532.08799,0,6381.162709,1340.118715,50599.63338,0,0,933.5893855,2324.092179,736.8715084,0,1255.499302,14213.16341,62761.26047,149339.1236,5767.772346,1689.629888,204260.5796,0,0,9268.418296,15527.30447,0,0,7215.240922,6599.406425,176029.382,0,401969.7277,9906.791201,8252.810754,200097.6606,1351.222067,1867.074022,6560.666899,0,8712.028631,2842.527933,1352.601257,11097.99232,1993.365922,1383778.806
"59","30919","Wild","G3","Not_Flooded","Herbivory","Herbivory","G3_H_5",44.41,93.7,10252.75839,0,0,0,3231.501914,0,0,0,0,0,0,0,641.0042783,0,8615.852286,0,0,1038.662463,0,0,2557.757262,3227.583878,0,0,234.5192524,0,68150.46161,0,61687.14254,286.4444945,1507.250619,5748.615177,0,103.0848908,0,0,1135.555055,94.84350372,0,360.707048,0,168873.7447
"60","30919","Wild","G3","Not_Flooded","Herbivory","Herbivory","G3_H_6",31.6,99.1,0,360.4113924,32.91139241,41.10759494,4365.348101,0,0,0,0,0,180.2531646,36.96202532,0,0,4872.848101,0,38.63924051,1722.025316,0,0,1088.164557,755.7278481,0,45.25316456,99.49367089,0,225.1582278,0,19514.17722,150.3481013,0,2742.056962,0,0,0,0,440.7594937,137.943038,38.63924051,0,0,36888.22785
"61","30919","Wild","G3","Flooded","No","Flooding","G3_F_1",19.79,59.8,67842.04144,0,18191.66246,1199.242041,9854.573017,0,3144.26478,1005.659424,1753.916119,0,0,1822.587165,1828.398181,270.3890854,214654.3204,7424.355735,392.3193532,150281.4047,0,0,0,636.0282971,0,0,519.9595755,0,19244.21425,0,30019.95958,0,4338.95907,0,0,0,0,0,1115.91713,283.3754421,0,0,0,535823.5472
"62","30919","Wild","G3","Flooded","No","Flooding","G3_F_2",21.33,65.9,76070.74543,0,14558.60291,1100.140647,8050.445382,0,3181.997187,0,2238.443507,0,291.1392405,2193.811533,3540.881388,0,271237.1308,5524.519456,431.2236287,137262.6348,0,484.8570089,5261.368964,9751.523676,0,514.3928739,2010.782935,14786.45101,17023.25363,1024.378809,44101.50023,619.2686357,20457.89967,0,0,318.2841069,0,0,1015.096109,810.6891702,365.5414909,1282.419128,969.8546648,646479.278
"63","30919","Wild","G3","Flooded","No","Flooding","G3_F_3",20.21,63,93125.18555,504.0079169,26015.53686,568.48095,8891.390401,0,4490.153389,0,321.8208808,0,286.8876794,888.4215735,667.9861455,685.106383,19948.83721,11320.68283,557.9910935,200643.8892,0,368.0851064,363.5329045,946.5116279,0,479.0697674,215.437902,1417.664523,1834.487877,0,5044.285007,0,452.9935675,0,0,0,0,0,0,0,0,0,0,380038.4463
"64","30919","Wild","G3","Flooded","No","Flooding","G3_F_4",6.45,42.1,729728.6822,0,164332.4031,2871.162791,23530.23256,0,50062.32558,0,0,0,0,3913.953488,1176.744186,2260.930233,9812.248062,73283.87597,4644.031008,886698.7597,0,2883.72093,0,0,0,1088.992248,2507.44186,7826.821705,1057.209302,0,8661.085271,0,1709.147287,0,0,0,0,0,9755.03876,1220.155039,0,0,0,1989024.961
"65","30919","Wild","G3","Flooded","No","Flooding","G3_F_5",27.74,65.5,11254.36193,0,4381.614996,0,51289.76208,0,638.3201154,0,6118.348955,0,31463.44629,4212.797404,7493.871665,0,229698.3417,3403.388609,0,59239.07714,0,399.1348234,1549.891853,1752.919971,0,1968.240807,2209.805335,2909.012257,2077.433309,0,61036.84211,1214.744052,39478.91132,0,438.2119683,2954.866619,0,0,3175.702956,840.3749099,414.924297,1383.525595,2281.4708,535279.3439
"66","30919","Wild","G3","Flooded","No","Flooding","G3_F_6",19.99,69.4,35605.6028,0,11418.65933,1038.11906,9158.47924,0,2172.586293,0,10268.03402,0,0,6076.088044,2682.391196,0,785752.9765,7076.988494,0,143867.7839,0,0,0,2118.35918,0,0,2712.406203,4437.068534,1461.730865,0,153271.2356,3467.483742,85104.35218,0,0,0,0,0,0,851.5757879,0,2782.741371,8352.326163,1279676.989
"67","30919","Wild","G3","Flooded","Herbivory","DualStress","G3_FH_1",26.7,70.4,26093.67041,0,4229.812734,1291.7603,3111.161049,0,0,0,6952.097378,0,0,1053.857678,1450.898876,511.9850187,111612.7715,1412.808989,0,12678.35206,0,0,4382.58427,3685.992509,0,0,3572.059925,44161.83521,3592.209738,0,171481.3483,2928.314607,556.0674157,51873.59551,957.752809,962.3970037,472.8089888,0,1512.172285,2917.715356,1793.333333,3034.94382,0,468284.3071
"68","30919","Wild","G3","Flooded","Herbivory","DualStress","G3_FH_2",28.88,80.6,0,0,1855.263158,1607.063712,2492.901662,0,0,0,15439.85457,0,0,5780.747922,2011.045706,0,673509.0374,1999.515235,0,10163.15789,0,0,2952.18144,1217.451524,0,0,4811.288089,51455.22853,3408.414127,0,261342.6247,4463.781163,718.2479224,79886.59972,981.7867036,1088.019391,920.533241,0,871.0180055,2690.062327,917.2437673,5032.306094,0,1137615.374
"69","30919","Wild","G3","Flooded","Herbivory","DualStress","G3_FH_3",27.03,73.1,27469.29338,3081.465039,2851.535331,2534.591195,5410.691824,0,0,1123.899371,8944.358121,0,0,5861.857196,3127.857936,0,819924.4543,2764.409915,0,17590.19608,0,1202.478727,8283.425823,15503.07066,0,0,11507.80614,37247.46578,139130.5586,0,464075.9526,10138.54976,5123.196448,98131.07658,1226.63707,2422.234554,1331.261561,0,1581.982982,3124.972253,3078.764336,13421.53163,0,1717215.575
"70","30919","Wild","G3","Flooded","Herbivory","DualStress","G3_FH_4",33.38,65.9,32564.46974,0,6023.367286,1534.631516,12812.97184,0,0,0,9821.44997,0,0,3900.239664,2009.017376,1201.437987,629853.6249,4394.877172,0,0,0,0,2700.029958,3619.832235,0,0,5258.058718,14241.55183,58696.70461,0,153810.1258,4568.993409,2396.464949,32474.17615,0,798.2324745,0,0,0,896.5847813,774.0263631,3093.97843,0,987444.8472
"71","30919","Wild","G3","Flooded","Herbivory","DualStress","G3_FH_5",27.22,69.1,33610.94783,0,4988.795004,450.9184423,14303.26965,0,0,0,8200.551065,0,0,2148.383542,2307.310801,369.1036003,347508.5231,4124.908156,0,0,0,0,2146.105805,425.6796473,0,0,3037.141807,5343.350478,28648.3468,0,205534.2395,4626.230713,1311.792799,82369.47098,713.4827333,438.5378398,372.8875827,0,0,821.050698,528.6921381,3924.136664,1339.860397,759593.7178
"72","30919","Wild","G3","Flooded","Herbivory","DualStress","G3_FH_6",27,67.6,55236.88889,0,11009.2963,4063.777778,24724.62963,0,1337.37037,1638.777778,35823.59259,0,0,7261.074074,7927.407407,2343.814815,1149880.926,1662.074074,0,10576.92593,0,0,0,2480.851852,0,0,11919.96296,18138.85185,8289.592593,0,425269.963,11544.85185,0,98821.81481,0,0,0,0,5671.074074,2519.518519,1712.777778,12992.7037,1461.814815,1914310.333
"73","Maicillo","Wild","G4","Not_Flooded","No","Control","G4_C_1",36.54,94.1,42961.35742,0,9270.498084,0,3600.191571,0,1294.882321,574.7400109,0,0,0,0,0,0,619.4854953,2658.401752,159.2775041,55778.6809,0,158.9490969,754.8166393,3173.289546,0,0,0,0,0,0,0,0,0,0,0,0,0,0,0,0,0,154.5977011,0,121159.168
"74","Maicillo","Wild","G4","Not_Flooded","No","Control","G4_C_2",67.2,100.9,3043.824405,0,966.7857143,565.2529762,2391.473214,0,147.8125,0,0,0,0,0,0,0,174.8660714,326.6071429,0,19581.90476,0,0,294.047619,523.8541667,0,0,0,0,1340.580357,0,317.1130952,0,0,0,0,0,87.87202381,0,0,74.00297619,0,0,0,29835.99702
"75","Maicillo","Wild","G4","Not_Flooded","No","Control","G4_C_3",54.71,102.1,14293.8768,0,3159.093402,0,2328.386035,0,570.2431,136.7026138,0,0,0,0,129.0257723,0,1817.565345,954.8163041,0,36143.88594,0,0,199.9634436,341.144215,0,0,0,0,826.8506672,0,880.222994,0,1544.927801,0,0,0,0,0,0,0,0,0,0,63326.70443
"76","Maicillo","Wild","G4","Not_Flooded","No","Control","G4_C_4",71.82,106.4,5376.789195,292.8432192,2554.037872,0,1916.875522,0,150.9050404,78.20941242,0,0,0,0,0,0,154.6365915,533.625731,0,21351.03035,0,124.5335561,367.3767753,1218.852687,0,0,0,0,227.8891674,0,214.438875,0,163.0743525,0,0,0,0,0,0,0,0,0,0,34725.11835
"77","Maicillo","Wild","G4","Not_Flooded","No","Control","G4_C_5",56.94,104.6,1647.506147,0,208.1840534,0,2320.003512,0,0,0,0,0,0,0,0,0,99.45556726,0,0,11920.82894,0,0,0,0,0,0,0,0,0,0,85.73937478,0,0,0,0,0,0,0,0,0,0,0,0,16281.71759
"78","Maicillo","Wild","G4","Not_Flooded","No","Control","G4_C_6",55.3,98.1,4309.891501,0,1120.84991,0,2336.455696,0,0,0,0,0,0,0,0,0,1247.468354,187.3598553,0,15751.98915,0,0,0,0,0,0,0,0,1937.016275,0,0,0,0,0,0,0,0,0,0,0,0,0,0,26891.03074
"79","Maicillo","Wild","G4","Not_Flooded","Herbivory","Herbivory","G4_H_1",45.37,101,408.2433326,79786.55499,425.5895966,1768.37117,63511.1307,3136.411726,0,0,0,0,0,362.2217324,12369.18669,6266.629932,89838.85828,679.1932995,0,9404.253912,0,0,0,0,0,0,255.1465726,0,3127.308794,0,17804.18779,576.394093,0,67807.9568,0,0,0,0,0,0,0,0,944.9636324,358472.603
"80","Maicillo","Wild","G4","Not_Flooded","Herbivory","Herbivory","G4_H_2",60.02,108.2,1879.673442,28321.90936,0,0,79047.55082,7051.1996,0,432.7724092,0,0,0,214.2619127,21430.78974,3313.395535,35029.57348,207.5141619,0,6656.514495,0,0,0,0,0,0,903.8820393,0,8641.102966,0,67627.55748,1702.3992,246.2012662,101693.0357,216.4945018,0,978.3572143,481.556148,0,531.422859,0,1686.921026,0,368294.0854
"81","Maicillo","Wild","G4","Not_Flooded","Herbivory","Herbivory","G4_H_3",19.91,99.4,15732.49623,66261.778,508.4881969,0,53387.54395,4038.975389,0,0,0,0,0,0,2812.656956,8216.172777,21839.87946,474.4851833,0,22916.77549,0,0,518.5334003,677.5991964,0,0,0,0,10960.97438,0,22781.56705,0,0,38599.14616,0,0,0,0,787.1923656,0,0,0,0,270514.2642
"82","Maicillo","Wild","G4","Not_Flooded","Herbivory","Herbivory","G4_H_4",73.2,116.4,6345.587432,0,297.8688525,0,3683.852459,201.8306011,60.25956284,0,0,0,0,0,364.5628415,1225.095628,611.8442623,113.8251366,0,7272.240437,0,0,251.2431694,457.5273224,0,0,81.2431694,0,756.5437158,0,5327.04918,88.89344262,0,14228.97541,0,0,0,0,84.86338798,67.71857923,0,0,0,41521.02459
"83","Maicillo","Wild","G4","Not_Flooded","Herbivory","Herbivory","G4_H_5",71.31,105.5,1522.11471,0,0,0,2317.795541,0,0,0,0,0,0,0,617.8937035,0,17086.95835,0,0,1194.685177,0,0,487.0565138,316.8139111,0,0,491.0811948,712.9434862,12512.27037,0,47384.89693,714.8226055,404.3191698,36436.72697,0,103.8283551,137.8348058,156.9485346,0,312.3685318,0,1188.683214,0,124100.0421
"84","Maicillo","Wild","G4","Not_Flooded","Herbivory","Herbivory","G4_H_6",44.02,108.9,23154.72512,0,0,1038.777828,3062.471604,0,743.3893685,0,407.9509314,0,0,0,823.3530214,0,5601.385734,0,0,2784.575193,0,0,2736.824171,9525.624716,0,0,918.6051795,0,55097.27397,0,47468.51431,890.7087687,1834.89323,64022.14902,769.1731031,1056.678782,412.380736,220.3089505,1091.753748,141.2994094,0,627.760109,0,224430.577
"85","Maicillo","Wild","G4","Flooded","No","Flooding","G4_F_1",24.11,72.9,103472.9573,0,17464.16425,0,7508.875985,0,4990.004148,1307.341352,0,0,0,0,0,0,4370.302779,4203.98175,0,130714.1435,0,292.2853588,850.2695977,4792.285359,0,349.0253007,0,0,442.6793861,0,399.6681875,0,0,0,553.4218167,0,2194.110328,680.9622563,306.014102,0,0,0,0,284892.4928
"86","Maicillo","Wild","G4","Flooded","No","Flooding","G4_F_2",18.46,77.9,86723.56446,0,8573.943662,1866.468039,8148.15818,0,665.3304442,0,0,0,0,0,3053.412784,0,22700.65005,1273.40195,0,60590.19502,0,0,0,0,0,0,0,0,7708.179848,0,8797.670639,0,12015.92633,0,303.5752979,0,355.9588299,0,571.5059588,0,0,0,0,223347.9415
"87","Maicillo","Wild","G4","Flooded","No","Flooding","G4_F_3",22.19,61.7,88214.01532,1987.5169,11951.64489,1369.806219,8637.584498,0,2883.235692,0,3756.421812,0,764.8490311,1241.099594,17856.01622,0,251216.2686,3407.120324,0,0,0,0,3188.688598,2087.5169,0,0,3786.210005,22240.01803,72799.54935,0,134273.1411,2408.562416,2205.633168,0,0,547.9495268,564.7589004,1217.305092,1339.161785,2963.497071,818.7922488,4175.168995,8048.760703,655950.293
"88","Maicillo","Wild","G4","Flooded","No","Flooding","G4_F_4",27.29,61.1,105434.4082,0,21104.91022,394.7599853,5626.786369,0,6660.718212,1971.637963,0,0,0,0,1076.80469,334.5181385,339.2085013,5743.495786,355.0751191,141941.004,0,0,0,0,0,383.3272261,336.9366068,1322.975449,5270.97838,0,894.3569073,0,5578.71015,0,0,0,0,0,483.6570172,0,0,0,0,305254.2689
"89","Maicillo","Wild","G4","Flooded","No","Flooding","G4_F_5",25.76,45.1,142621.3121,383.734472,25870.26398,0,5666.265528,0,6013.159938,0,0,0,0,325.3493789,0,0,3268.75,6951.940994,438.6645963,138118.9441,0,319.681677,966.7701863,4777.678571,0,297.1661491,1958.695652,33540.06211,19939.59627,0,0,0,784.3167702,0,0,331.1335404,0,0,473.2531056,1658.346273,0,421.8167702,0,395126.9022
"90","Maicillo","Wild","G4","Flooded","No","Flooding","G4_F_6",18.47,61,180623.3893,171129.5615,41882.56632,0,8344.612886,0,7930.427721,3410.990796,0,568.976719,0,585.9772604,595.1272334,714.6182999,8317.433676,10302.27396,0,211221.2236,0,439.6859773,0,0,0,485.760693,0,1414.02274,0,0,1659.122902,0,6619.382783,0,0,0,0,0,835.7877639,0,0,0,442.2847861,657523.2269
"91","Maicillo","Wild","G4","Flooded","Herbivory","DualStress","G4_FH_1",34.12,52.6,70018.99179,1028.634232,27702.40328,2254.689332,13143.08324,768.3177022,697.1570926,280.5392732,2998.9449,0,0,605.890973,12925.99648,2234.26143,67668.11254,948.5638921,0,15618.02462,0,583.0890973,1803.048066,3627.637749,0,0,2261.313013,5666.236811,47597.03986,626.6998828,121827.4033,2522.039859,3010.199297,113806.0668,2479.36694,654.8358734,1356.096131,2333.880422,607.3856975,1868.171161,522.4794842,2627.286049,0,534673.8863
"92","Maicillo","Wild","G4","Flooded","Herbivory","DualStress","G4_FH_2",16.05,67.5,196123.7383,150380.2492,59924.23676,1827.102804,242595.6386,45488.34891,7752.087227,1573.021807,17724.92212,940.7476636,0,3806.043614,54773.58255,44681.05919,302237.1963,7365.233645,3579.501558,66680.18692,0,0,0,0,0,0,1192.461059,3701.05919,33540.56075,0,46333.70717,784.3613707,1744.548287,71273.33333,1575.638629,0,0,632.7725857,902.9283489,0,0,0,0,1369134.268
"93","Maicillo","Wild","G4","Flooded","Herbivory","DualStress","G4_FH_3",24.96,59.1,90030.44872,4307.011218,41774.55929,545.9535256,20954.80769,1820.272436,239.463141,346.9551282,1434.735577,0,0,368.5496795,19543.91026,2073.357372,42367.38782,889.6634615,0,13944.11058,361.7788462,362.7003205,0,0,0,0,1132.371795,0,8197.235577,0,42574.55929,1072.876603,876.6826923,55439.34295,1488.621795,0,909.375,608.4935897,438.1009615,0,0,0,0,354103.3253
"94","Maicillo","Wild","G4","Flooded","Herbivory","DualStress","G4_FH_4",25.61,61.1,139086.5287,199895.002,52378.60211,2697.071456,388910.777,180677.9383,10689.84772,3207.887544,55387.46583,0,1453.846154,0,83425.96642,31728.89496,342635.0644,6901.679032,0,50144.67005,0,0,0,0,0,0,8798.789535,2188.637251,106680.984,0,391835.3378,13066.92698,5062.944162,687856.3061,2635.142522,0,1821.671222,5114.408434,0,6096.563842,0,11928.19211,3047.793831,2795354.939
"95","Maicillo","Wild","G4","Flooded","Herbivory","DualStress","G4_FH_5",31.01,71.2,91609.57756,183204.6114,37578.10384,1787.907127,234443.8246,228587.0687,0,1043.115124,7461.012577,680.7158981,1027.958723,655.3047404,45489.29378,23129.6356,113375.0403,3015.511125,0,30386.06901,0,0,0,0,0,0,1002.934537,0,15265.72074,0,50276.29797,1542.244437,868.7520155,134729.2486,1387.745888,0,0,503.7407288,0,0,0,0,0,1209051.435
"96","Maicillo","Wild","G4","Flooded","Herbivory","DualStress","G4_FH_6",28.46,60.2,89307.02741,173422.6283,45163.77372,4650.421644,326644.5889,299831.6585,0,1826.77442,6183.801827,0,760.2951511,2194.869993,22839.14266,33785.17217,303472.312,3944.90513,0,41201.47576,0,0,0,663.8791286,0,0,4965.460295,0,27112.64933,0,141908.2923,5710.962755,1516.795502,210132.4666,1285.804638,0,837.3155306,905.4813774,1762.579058,982.642305,0,0,0,1753013.176
"97","Michoacan 351","Mexican landrace","G5","Not_Flooded","No","Control","G5_C_1",58.01,130.6,0,0,3607.326323,0,2676.469574,0,555.2318566,0,140.9584554,0,0,97.98310636,0,0,7655.869678,1667.229788,0,39994.55266,0,98.75883468,5915.635235,4154.163075,0,134.0630926,1148.819169,18575.79728,7204.740562,131.5635235,9450.577487,174.0734356,7483.106361,0,0,446.7505602,114.1010171,127.2194449,333.6666092,2470.45337,730.3913118,693.776935,0,115783.2787
"98","Michoacan 351","Mexican landrace","G5","Not_Flooded","No","Control","G5_C_2",65.29,162.2,30368.18808,0,6657.74238,8850.237402,1727.599939,0,1129.208148,0,0,0,0,0,4611.24215,284.9594119,6677.546332,2309.220401,0,41279.29239,0,0,7543.16128,6023.250115,0,0,6257.727064,112386.4145,3000.903661,348.4147649,822.7599939,329.4225762,8774.253331,0,0,1988.650636,566.8555675,265.2014091,660.5605759,11614.78021,2706.432838,1255.76658,0,268439.7917
"99","Michoacan 351","Mexican landrace","G5","Not_Flooded","No","Control","G5_C_3",44.97,138.7,60532.1103,0,9487.169224,5580.320213,2417.678452,0,2246.586613,0,0,0,0,0,3222.459417,187.658439,3699.110518,1834.889927,0,50223.57127,0,0,0,0,0,0,0,0,22410.22904,0,0,0,535.534801,0,0,0,387.4805426,0,0,0,0,0,0,162764.7988
"100","Michoacan 351","Mexican landrace","G5","Not_Flooded","No","Control","G5_C_4",43.73,122.9,0,0,8370.683741,0,5984.175623,0,2786.805397,0,0,0,0,0,809.5586554,281.7059227,484.8159158,2552.801281,241.3903499,89816.23599,0,207.088955,315.0468786,0,0,297.2101532,789.3894352,8715.710039,9336.702493,0,1659.638692,0,286.6681912,0,0,0,239.2179282,354.5163503,627.4411159,1203.453007,371.9185914,0,0,135732.1747
"101","Michoacan 351","Mexican landrace","G5","Not_Flooded","No","Control","G5_C_5",60.16,139.6,21897.60638,0,4760.704787,3653.390957,1763.56383,0,1158.843085,0,0,0,0,0,2154.005984,119.0325798,2808.244681,1315.05984,0,41284.30851,0,0,129.5378989,413.5472074,0,0,0,5009.109043,1413.28125,0,1295.09641,0,544.2819149,0,0,0,876.462766,0,0,109.6908245,0,0,0,90705.76795
"102","Michoacan 351","Mexican landrace","G5","Not_Flooded","No","Control","G5_C_6",42.71,142.8,27404.12081,0,6739.405292,0,3053.851557,0,2083.844533,654.9285882,0,0,0,0,0,0,0,2482.650433,0,68668.90658,0,0,23899.69562,16546.9211,0,0,8616.834465,156298.9698,7058.768438,901.3111683,5725.61461,501.00679,11782.06509,0,0,2827.862327,881.2924374,0,743.0812456,16887.16928,5491.922266,1687.075626,0,370937.2981
"103","Michoacan 351","Mexican landrace","G5","Not_Flooded","Herbivory","Herbivory","G5_H_1",42.79,113.5,10952.06824,137.7892031,396.938537,12751.67095,3926.828698,0,262.7249357,0,241.5517644,0,0,0,1890.815611,270.6940874,2897.078757,398.4575835,0,4829.492872,0,513.461089,23929.21243,18756.81234,0,316.0551531,2217.667679,7330.49778,64302.07993,618.3220379,60263.54288,1560.69175,2529.656462,38229.89016,252.4421594,1410.212667,308.5534003,262.0472073,691.5167095,811.0773545,0,2848.516008,0,266108.3664
"104","Michoacan 351","Mexican landrace","G5","Not_Flooded","Herbivory","Herbivory","G5_H_2",45.83,119.3,2822.932577,0,0,0,5977.045603,980.3185686,0,0,590.5084006,0,0,0,16488.13005,481.7368536,22576.78377,2544.555968,0,0,0,0,0,0,0,0,3641.239363,44059.9389,165144.2723,0,21667.64128,655.2912939,5850.447305,43091.31573,555.5967707,0,408.1387737,0,330.5476762,5725.638228,0,0,766.506655,344358.5861
"105","Michoacan 351","Mexican landrace","G5","Not_Flooded","Herbivory","Herbivory","G5_H_3",39.34,137.8,16760.77783,0,618.7849517,0,3196.695475,0,773.3604474,0,693.4672089,0,0,0,2106.55821,0,34289.04423,616.5734621,0,6104.422979,0,0,22943.44179,19335.94306,0,0,4400.101678,30562.27758,255928.6477,886.2480935,21696.23793,714.8957804,10013.31978,26506.68531,741.6878495,1441.154042,1215.35333,0,552.6690391,627.0208439,1424.860193,831.7488561,528.4951703,465510.4728
"106","Michoacan 351","Mexican landrace","G5","Not_Flooded","Herbivory","Herbivory","G5_H_4",50.32,130.5,16742.82591,0,556.4189189,7237.539746,3117.468203,0,0,0,0,0,0,0,3900.357711,0,89682.37281,0,0,4178.000795,0,0,9966.434817,6188.77186,0,0,10736.72496,187624.1852,16731.31955,0,58521.68124,1808.247218,0,73774.68203,0,1430.703498,1530.127186,0,0,17192.66693,2831.220191,1111.625596,0,514863.3744
"107","Michoacan 351","Mexican landrace","G5","Not_Flooded","Herbivory","Herbivory","G5_H_5",43.56,109.2,20902.68595,0,244.7428834,2828.030303,3318.434343,0,0,0,0,0,0,0,837.3507805,0,28832.34619,0,0,3247.704316,0,0,412.2130395,350.7346189,0,0,518.4573003,0,64485.46832,0,0,0,0,2590.955005,0,0,0,0,0,346.8549128,0,0,0,128915.978
"108","Michoacan 351","Mexican landrace","G5","Not_Flooded","Herbivory","Herbivory","G5_H_6",53.76,106.9,8602.529762,0,0,7620.610119,2926.357887,104.7991071,0,0,0,0,0,0,3601.748512,86.79315476,8981.640625,0,0,3127.380952,0,0,101.4508929,79.37127976,0,114.0438988,422.0424107,1279.166667,11367.37351,0,35066.40625,386.1049107,387.3697917,17371.65179,0,0,0,0,0,196.875,138.7276786,314.3973214,0,102276.8415
"109","Michoacan 351","Mexican landrace","G5","Flooded","No","Flooding","G5_F_1",37.51,110.6,24531.93815,0,6796.854172,0,8732.258065,411.8901626,1909.704079,0,3293.281792,0,0,1783.177819,2672.993868,0,176785.0706,3845.001333,3817.835244,61894.58811,0,0,0,0,0,0,828.2324713,0,44318.63503,0,25092.69528,599.9200213,39369.90136,0,0,0,833.2977873,0,0,0,0,508.2111437,13748.76033,421774.2468
"110","Michoacan 351","Mexican landrace","G5","Flooded","No","Flooding","G5_F_2",24.72,86.1,47296.39968,0,10807.68608,30906.95793,5744.053398,0,2648.543689,622.815534,0,0,0,524.7572816,26539.72492,508.3333333,701.5776699,4810.639159,15351.53722,72541.01942,0,0,8238.147249,6142.394822,0,512.1359223,8019.700647,158085.5583,6547.249191,0,1799.069579,0,12305.62298,0,0,1324.514563,0,325.1618123,928.6407767,28007.44337,506.7152104,910.0323625,2232.686084,454889.1182
"111","Michoacan 351","Mexican landrace","G5","Flooded","No","Flooding","G5_F_3",25.34,97.8,59546.36938,0,12670.63931,8335.082873,4500.552486,6117.245462,0,0,0,0,0,338.0426204,4620.402526,325.8879242,50127.03236,4947.237569,1599.88161,140828.7687,0,351.3022889,10524.78295,8656.511444,0,696.2115233,0,0,5382.951855,0,0,0,0,0,0,713.9700079,534.0173639,0,847.6716654,406.0773481,0,665.1539069,1066.298343,323802.0915
"112","Michoacan 351","Mexican landrace","G5","Flooded","No","Flooding","G5_F_4",24.35,97,48709.15811,0,8112.607803,0,5017.61807,0,696.7556468,493.8398357,0,0,0,0,1092.279261,0,6194.004107,2338.562628,0,78345.50308,0,0,0,0,0,405.1334702,1214.045175,30158.23409,2172.11499,0,2238.193018,0,2720.123203,0,0,0,0,0,368.3367556,2910.513347,0,0,0,193187.0226
"113","Michoacan 351","Mexican landrace","G5","Flooded","No","Flooding","G5_F_5",20.82,86.4,41939.76945,0,7020.12488,23163.68876,6762.199808,0,1670.172911,580.3554275,1606.051873,0,0,0,10600.96061,0,10500.57637,7319.308357,1688.808838,59842.69933,0,0,15781.21998,14555.66763,0,0,4155.18732,46231.02786,49795.34102,376.5129683,6313.256484,340.3938521,5318.15562,0,0,1130.835735,0,0,861.9596542,854.2747358,3079.731028,1138.376561,0,322626.6571
"114","Michoacan 351","Mexican landrace","G5","Flooded","No","Flooding","G5_F_6",26.23,100.6,59803.43119,0,13580.17537,31606.21426,3774.532978,0,2833.015631,727.1063668,370.4155547,0,0,0,25467.63248,273.122379,38628.32634,4460.312619,1811.094167,74294.77697,0,260.693862,0,17674.5711,14481.12848,639.7636294,6143.652307,107508.3111,9118.223408,399.19939,6578.497903,302.5543271,10265.07815,0,272.2836447,1477.964163,0,0,586.2371331,12820.244,303.6599314,958.1776592,0,447420.3965
"115","Michoacan 351","Mexican landrace","G5","Flooded","Herbivory","DualStress","G5_FH_1",28.48,120,135456.4958,52506.35534,39596.52388,5179.283708,17058.21629,3376.720506,6287.675562,0,289.9929775,332.6896067,0,0,3455.969101,20706.42556,9698.630618,3358.497191,0,40928.9677,0,0,1495.294944,1049.543539,0,0,0,0,3557.162921,0,6213.518258,0,0,1190.484551,0,0,0,0,0,0,0,0,0,351738.4481
"116","Michoacan 351","Mexican landrace","G5","Flooded","Herbivory","DualStress","G5_FH_2",25.75,107.1,127047.4951,119278.4466,47432.73786,9468.737864,116547.4563,23504.66019,8460.271845,580.6990291,2288.737864,0,634.4854369,0,8153.980583,29796.54369,14531.18447,3740.504854,0,46646.67961,0,0,9767.68932,8071.76699,0,435.9223301,1131.805825,3839.378641,10892.97087,267.6504854,50169.86408,877.7087379,1038.873786,27452.15534,1047.495146,590.2135922,620.8543689,636.9708738,508.6601942,569.7475728,0,0,434.407767,676466.7572
"117","Michoacan 351","Mexican landrace","G5","Flooded","Herbivory","DualStress","G5_FH_3",10.89,76.4,296768.2277,106900.8264,74777.41047,8955.280073,146951.1478,14445.82185,16092.65381,2793.38843,0,920.7529844,0,0,9833.333333,47165.38108,27173.27824,3151.515152,0,90398.25528,0,0,7697.520661,5137.190083,0,0,3979.79798,75478.32874,48882.73646,0,27867.49311,0,1543.158861,15008.81543,0,605.0505051,0,0,744.3526171,5862.809917,0,0,0,1039134.527
"118","Michoacan 351","Mexican landrace","G5","Flooded","Herbivory","DualStress","G5_FH_4",28.45,118.9,89847.69772,318547.768,40828.08436,19507.83831,256258.4886,197117.2232,7901.652021,780.4920914,1888.471002,0,1199.367311,2134.903339,26877.50439,31246.04569,351050.9666,2412.794376,0,43015.39543,0,0,0,0,0,1703.690685,1195.887522,0,27456.27417,0,68652.72408,1435.360281,1449.314587,73284.39367,0,0,1418.664323,849.6309315,2366.080844,1333.321617,0,0,8539.297012,1580299.332
"119","Michoacan 351","Mexican landrace","G5","Flooded","Herbivory","DualStress","G5_FH_5",14.6,85.8,310328.6301,209795.3425,118984.0411,2440.205479,163141.0959,82028.0137,0,909.3150685,3065.958904,782.3972603,1319.041096,2046.232877,15706.43836,55783.15068,151762.6027,5915.890411,1364.109589,97155.82192,0,0,11360.75342,10211.36986,0,0,0,0,6613.287671,0,0,0,0,0,0,0,728.8356164,0,0,0,0,0,0,1251442.534
"120","Michoacan 351","Mexican landrace","G5","Flooded","Herbivory","DualStress","G5_FH_6",25.25,90.4,136424.1584,158042.297,89124.47525,1314.574257,354665.0693,82269.26733,0,0,7465.465347,2530.930693,1466.970297,2765.306931,26506.33663,80232.11881,281349.703,6780.792079,5766.415842,90776.63366,0,0,0,0,0,781.7425743,3302.772277,0,53847.20792,0,192413.901,4662.09901,3239.445545,180185.2277,718.6930693,0,2859.564356,2406.930693,812.039604,2156.118812,816.2376238,5682.851485,4944.237624,1786309.584
"121","Moencopi Pueblo ","American landrace","G6","Not_Flooded","No","Control","G6_C_1",49.6,118.6,47928.64919,0,8415.020161,0,2668.044355,0,1644.475806,0,0,0,0,0,0,0,177.6814516,1852.237903,0,54475.94758,138.4274194,0,4572.479839,3263.125,0,119.0524194,0,0,1254.737903,0,0,0,0,0,0,287.3790323,0,0,270.4032258,195.8870968,454.3346774,640.2822581,0,128358.1653
"122","Moencopi Pueblo ","American landrace","G6","Not_Flooded","No","Control","G6_C_2",68.36,133.9,36349.54652,0,6939.394383,222.3961381,2306.524283,273.5225278,1887.741369,0,1478.613224,0,0,0,200.5119953,247.059684,630.9245173,2133.70392,193.0514921,49628.77414,124.8683441,0,698.4055003,543.651258,0,147.3961381,0,0,1160.751902,0,0,0,0,0,0,111.0152136,0,0,116.5155061,0,0,0,0,105394.3681
"123","Moencopi Pueblo ","American landrace","G6","Not_Flooded","No","Control","G6_C_3",70.49,133.6,27464.64747,0,6231.664066,99.91488154,2500.35466,0,532.7989786,0,0,334.2601787,0,0,0,0,191.2469854,1982.025819,0,37598.87927,109.9163002,0,5636.03348,4586.423606,0,0,0,0,3864.16513,91.54489999,0,0,124.7836573,0,0,378.0536246,0,0,174.2091077,215.4348134,1093.289828,698.4536814,0,93908.10044
"124","Moencopi Pueblo ","American landrace","G6","Not_Flooded","No","Control","G6_C_4",66.97,117.9,42686.78253,0,8886.050766,253.3043677,3788.085982,0,2532.471987,186.39378,6768.374114,324.7198719,0,256.2542877,1170.729476,131.1914018,8274.868511,3718.705694,145.7580608,58043.95152,180.2423965,0,8592.522296,6927.738395,0,0,152.9384862,0,18871.50697,193.5056026,1127.143837,0,631.3743426,0,0,507.2032929,0,0,154.6078207,418.2026069,228.515893,486.7825292,0,175639.9268
"125","Moencopi Pueblo ","American landrace","G6","Not_Flooded","No","Control","G6_C_5",74.48,141.1,16748.80505,0,3697.019334,0,1899.610634,0,703.1015038,0,0,0,0,84.07626208,648.8453276,0,7108.042427,1113.06391,72.38184748,31467.06498,68.64930183,0,121.2943072,628.0880773,0,0,0,0,9853.396885,0,1572.824919,0,339.1380236,0,0,85.75456498,0,0,0,84.84156821,376.9871106,172.7443609,0,76845.73039
"126","Moencopi Pueblo ","American landrace","G6","Not_Flooded","No","Control","G6_C_6",62.89,116.8,26617.12514,0,3830.179679,0,2172.936874,0,175.2106853,0,2112.052791,0,0,0,111.9255844,0,374.4156464,939.6088408,69.56590873,33094.37112,0,0,7223.421848,5461.074893,0,112.1958976,135.999364,0,17106.2013,144.2995707,536.9216092,0,450.9778979,0,0,311.0192399,0,0,0,240.1653681,205.5811735,386.0550167,0,101811.3054
"127","Moencopi Pueblo ","American landrace","G6","Not_Flooded","Herbivory","Herbivory","G6_H_1",56.16,134.2,5903.632479,8602.831197,769.5156695,953.8639601,26432.06909,1223.913818,2587.945157,1732.532051,52633.01282,0,475.2492877,459.0811966,79686.73433,1677.599715,91953.43661,921.741453,0,4651.282051,270.744302,0,556.2321937,524.6438746,0,0,1171.883903,0,74311.43162,0,53034.13462,1873.361823,2687.606838,86809.57977,301.2286325,0,0,522.8632479,284.4195157,1056.5349,311.502849,2602.831197,851.1574074,507834.5976
"128","Moencopi Pueblo ","American landrace","G6","Not_Flooded","Herbivory","Herbivory","G6_H_2",45.51,102.4,29168.20479,0,4024.170512,521.1382114,39626.65348,5936.4755,1025.401011,0,8548.209185,0,0,0,21302.461,2958.91013,41933.81674,2437.420347,0,11673.1927,0,0,10661.63481,8362.118216,0,0,850.7580751,0,3252.384091,0,59473.41244,1846.231597,0,151030.2351,0,978.1366733,318.1059108,0,483.9156229,482.2456603,349.0221929,1298.044386,0,408542.2984
"129","Moencopi Pueblo ","American landrace","G6","Not_Flooded","Herbivory","Herbivory","G6_H_3",70.12,149.7,7514.104392,386.7370222,770.9212778,599.8716486,5659.626355,493.5396463,345.4934398,478.9788933,12971.79122,0,0,0,15684.21278,492.9977182,31615.80148,482.3588135,0,3068.325727,0,0,0,0,0,0,1656.061038,0,19758.67085,0,110341.2864,3995.122647,692.9264119,151296.0211,0,0,304.2641187,810.9526526,0,1497.732459,0,3695.72162,0,374613.5197
"130","Moencopi Pueblo ","American landrace","G6","Not_Flooded","Herbivory","Herbivory","G6_H_4",64.32,131.2,11783.61318,583.3644279,1009.064055,1285.16791,3191.153607,0,3315.298507,529.4931592,3375.901741,0,0,1038.759328,147554.4154,0,207344.5585,2609.763682,0,4976.041667,0,0,1296.19092,1061.147388,0,0,493.6878109,0,15409.26617,0,25967.38184,866.7754975,574.0049751,52371.0199,0,0,0,0,0,0,0,506.7475124,1564.83209,488707.6493
"131","Moencopi Pueblo ","American landrace","G6","Not_Flooded","Herbivory","Herbivory","G6_H_5",73.72,129.8,12341.42702,0,0,0,1978.581118,0,53.2284319,0,510.5398806,0,27.08898535,0,543.895822,0,1039.975583,0,0,2146.473142,0,0,2354.096582,1661.04178,0,0,67.6614216,0,8557.487792,0,2828.296256,34.02061856,189.3922952,2732.365708,0,34.86163863,0,0,0,81.00922409,231.185567,73.95550733,0,37486.58437
"132","Moencopi Pueblo ","American landrace","G6","Not_Flooded","Herbivory","Herbivory","G6_H_6",36.09,131.3,30992.98975,395.2064284,1594.07038,302.2720975,8777.833195,1076.087559,931.6708229,0,122.5270158,0,0,135.7716819,9785.89637,959.7118315,32404.59961,159.6009975,0,9121.88972,0,0,40300.38792,26157.68911,0,737.9883624,860.6262122,160.6816293,8025.353283,396.0376836,42238.26545,897.2291493,288.1407592,60319.61762,0,1629.952896,301.967304,211.4990302,620.2272098,685.1482405,2017.123857,1762.067055,0,284370.1302
"133","Moencopi Pueblo ","American landrace","G6","Flooded","No","Flooding","G6_F_1",14.82,55.8,142356.8151,78519.50067,31808.63698,1824.291498,10395.41161,3176.180837,6764.642375,0,0,0,840.0134953,0,3127.732794,0,26592.37517,10815.92443,671.0526316,200544.2645,0,732.9959514,1374.561404,995.4790823,0,572.6720648,0,0,5385.357625,0,2168.421053,0,7505.60054,0,509.9190283,0,0,0,1019.433198,3295.614035,1817.206478,507.0175439,0,543321.1201
"134","Moencopi Pueblo ","American landrace","G6","Flooded","No","Flooding","G6_F_2",22.35,78,155676.9575,96298.25503,33386.39821,0,10868.76957,1427.516779,6244.42953,0,3592.841163,569.1275168,316.8680089,312.8411633,568.9932886,0,24466.62192,8951.856823,1106.39821,139324.0716,0,427.7404922,6653.243848,5591.319911,0,445.5928412,0,0,1098.612975,0,779.9105145,0,754.5861298,0,0,0,0,0,641.5659955,0,431.5883669,367.114094,1375.257271,501678.4788
"135","Moencopi Pueblo ","American landrace","G6","Flooded","No","Flooding","G6_F_3",35.62,81.9,18702.33015,7286.243683,6310.527793,1125.182482,3999.326221,0,780.6007861,0,1129.337451,0,0,0,788.2930938,1102.582819,10524.45255,2173.891072,232.3413812,81527.79337,0,0,2839.752948,2681.078046,0,241.5216171,0,0,3560.724312,0,786.5805727,0,2389.781022,0,0,0,0,0,299.4946659,483.5204941,597.5575519,324.4244806,269.3711398,150156.7097
"136","Moencopi Pueblo ","American landrace","G6","Flooded","No","Flooding","G6_F_4",29.67,78.5,123896.8992,27536.70374,19496.83182,1044.186047,5611.290866,0,5757.971014,0,0,0,0,0,1174.014156,0,16989.18099,3802.696326,270.3067071,112292.3829,259.6899225,0,0,0,0,351.3987192,0,0,0,0,841.9615774,0,0,0,0,0,0,0,420.3235592,0,0,0,0,319745.8375
"137","Moencopi Pueblo ","American landrace","G6","Flooded","No","Flooding","G6_F_5",23.09,78.1,120430.4894,5786.704201,12324.07969,1759.116501,4419.445647,0,3519.7055,0,504.157644,0,0,409.2680814,5477.392811,421.0913816,41438.54482,1928.410567,0,83903.50801,0,0,25740.62365,22588.34994,0,0,340.0173235,0,27815.63447,469.5106107,9179.341706,310.3508012,8386.054569,0,0,1652.490256,0,0,574.3611953,1042.615851,655.2620182,1709.657861,778.6487657,383564.8333
"138","Moencopi Pueblo ","American landrace","G6","Flooded","No","Flooding","G6_F_6",13.62,79.4,114363.3627,9757.342144,27361.23348,1761.967695,10040.7489,0,7914.170338,0,0,0,0,0,0,0,0,8035.242291,0,215725.7709,0,648.7518355,0,1814.390602,0,632.0117474,0,0,30410.42584,0,0,0,724.4493392,0,0,0,0,0,1241.776799,971.4390602,2665.491924,861.8208517,0,434930.3964
"139","Moencopi Pueblo ","American landrace","G6","Flooded","Herbivory","DualStress","G6_FH_1",32.25,76.3,293601.3472,95376.60747,78696.75444,0,22427.80159,3301.530925,14488.97734,0,0,0,0,0,5139.865279,49260.80833,10701.6534,4211.083895,0,92520.51439,0,0,0,0,0,0,0,0,27522.3515,0,19022.71892,0,1313.472137,8995.774648,0,0,0,0,998.7140233,0,0,0,0,727579.9755
"140","Moencopi Pueblo ","American landrace","G6","Flooded","Herbivory","DualStress","G6_FH_2",18.41,67.5,263205.4861,106190.9288,65236.33895,0,40853.39489,5840.521456,16979.522,0,11111.51548,0,0,0,8910.320478,43151.16784,14000.54318,3356.979902,0,75455.40467,0,0,0,0,0,0,0,0,56543.56328,817.7077675,13983.16133,0,2882.129278,18559.85877,0,0,0,0,651.7110266,0,0,0,0,747730.2552
"141","Moencopi Pueblo ","American landrace","G6","Flooded","Herbivory","DualStress","G6_FH_3",31.86,87.9,132973.4463,2669.491525,44076.39674,955.398619,48645.76271,14141.55681,10036.34652,0,7652.542373,395.3232894,522.2849969,622.1280603,33364.97175,24301.03578,70292.34149,2024.984306,0,46614.09291,0,0,0,0,0,0,572.0652856,0,39566.91777,521.5944758,38872.56748,599.8430634,2209.541745,31960.51475,1458.003766,0,0,681.6070308,685.3107345,326.8047709,0,787.6020088,0,557530.4771
"142","Moencopi Pueblo ","American landrace","G6","Flooded","Herbivory","DualStress","G6_FH_4",16.33,66.3,330474.9541,105326.9443,122620.943,3970.606246,101948.316,29826.51562,16138.08941,4705.021433,113954.4397,1857.807716,1275.076546,0,175589.5285,63021.43295,170085.793,5219.840784,0,92496.20331,0,0,0,708.4507042,0,0,1262.584201,0,2181.322719,0,121844.0906,2927.495407,896.6932027,139101.5309,1694.060012,0,0,1193.69259,2810.287814,0,0,0,0,1613131.721
"143","Moencopi Pueblo ","American landrace","G6","Flooded","Herbivory","DualStress","G6_FH_5",38.69,87.7,106711.6051,45985.47428,35214.21556,745.3347118,18906.72008,5128.095115,2837.735849,0,5229.490825,400.4652365,383.0705609,307.7022486,5495.864564,11630.16283,27008.08995,2025.794779,1055.75084,31085.3709,0,0,3882.062548,2897.906436,0,0,0,0,953.5797364,0,7575.626777,0,0,6643.835616,0,230.8089946,0,0,1032.049625,0,0,0,0,323366.8132
"144","Moencopi Pueblo ","American landrace","G6","Flooded","Herbivory","DualStress","G6_FH_6",24.68,86.9,173294.1653,157810.6159,65925.40519,1121.799028,229708.7115,88263.53323,6854.659643,1248.541329,9198.136143,1292.098865,554.0518639,883.3063209,38148.74392,35803.36305,101767.1799,5404.983793,2436.871961,46766.85575,511.6693679,0,6831.604538,5807.779579,0,0,967.0178282,0,16821.19125,0,22566.28849,723.1361426,796.2722853,52755.06483,471.5559157,0,0,0,1565.437601,0,876.2965964,472.649919,0,1077648.987
"145","A Native Texas Dent","American landrace","G7","Not_Flooded","No","Control","G7_C_1",59.8,108.4,14095.06689,0,3410.769231,137.8428094,1637.056856,64.63210702,252.993311,0,0,0,0,0,0,0,538.5451505,688.277592,56.52173913,23935.8194,0,0,2269.448161,167.3913043,0,0,306.6220736,0,1987.591973,0,1992.625418,0,116.6555184,0,0,171.0033445,0,0,192.2575251,412.3578595,364.5819398,706.8060201,0,53504.86622
"146","A Native Texas Dent","American landrace","G7","Not_Flooded","No","Control","G7_C_2",45.28,109.7,34843.19788,0,6473.873675,0,3046.665194,0,661.5282686,0,0,0,0,0,0,0,2568.065371,1552.473498,127.3630742,45012.12456,0,0,271.6872792,806.2279152,0,0,0,0,291.9390459,0,149.7791519,0,0,0,0,0,0,0,0,0,0,0,0,95804.92491
"147","A Native Texas Dent","American landrace","G7","Not_Flooded","No","Control","G7_C_3",37.34,96.2,49466.79164,0,11001.49973,697.9914301,3524.825924,0,2158.864488,0,0,0,0,281.3336904,520.7552223,287.814676,11649.65185,3535.136583,299.0626674,74940.38565,0,0,0,0,0,0,0,0,0,0,0,0,0,0,0,0,0,0,0,0,0,0,0,158364.1136
"148","A Native Texas Dent","American landrace","G7","Not_Flooded","No","Control","G7_C_4",49.89,91.5,27784.58609,0,5046.241732,0,2722.709962,0,282.24093,0,0,0,0,0,360.6534376,0,3505.692524,1090.639407,0,32302.726,0,0,228.6630587,369.9138104,0,0,0,0,0,0,225.9971938,0,0,0,0,134.5560233,0,0,0,0,147.8653037,0,0,74202.48547
"149","A Native Texas Dent","American landrace","G7","Not_Flooded","Herbivory","Herbivory","G7_H_1",40.54,89.5,32032.6591,0,8398.445979,24778.44105,13005.89541,1217.439566,1454.637395,964.8248643,6749.802664,0,0,1726.245683,30902.3187,1413.71485,359836.0878,5213.566848,0,16373.80365,0,0,0,757.3507647,0,2525.826344,9685.421806,41040.77454,3453.132708,0,308172.9896,11431.74642,0,373679.9211,0,1102.836704,1377.775037,4783.226443,0,6864.578194,3149.679329,18093.29058,1867.439566,1292053.873
"150","A Native Texas Dent","American landrace","G7","Not_Flooded","Herbivory","Herbivory","G7_H_2",31.15,99.6,54065.65008,0,14466.61316,0,4853.868379,0,765.9390048,0,7308.764045,0,0,2452.391653,795.6340289,1558.844302,284106.3563,3575.184591,805.9711075,24820.44944,0,0,575.152488,0,0,0,1172.327448,0,2809.341894,0,0,0,0,0,635.505618,0,0,0,0,0,0,0,1474.317817,406242.3114
"151","A Native Texas Dent","American landrace","G7","Not_Flooded","Herbivory","Herbivory","G7_H_3",53.94,96.4,22004.76455,9747.497219,3640.526511,0,9402.910641,842.6585095,1359.640341,0,1851.724138,0,0,1287.856878,5578.846867,1744.011865,197689.581,2426.863181,0,10015.99926,0,0,1290.767519,1693.937709,0,0,751.9280682,0,1756.09937,0,7246.885428,0,0,24173.06266,0,2622.784575,0,0,1233.648498,0,0,0,0,308361.9948
"152","A Native Texas Dent","American landrace","G7","Not_Flooded","Herbivory","Herbivory","G7_H_4",49.14,103.1,25271.44892,611.1111111,3047.680098,19394.30199,2988.522589,0,869.4546195,0,2896.357346,0,0,1911.334961,10098.71795,1496.784697,302217.7859,3807.875458,0,8099.450549,0,0,0,0,0,0,2040.29304,0,0,0,130287.3423,4415.181115,0,138406.8376,0,0,0,1079.93488,0,1248.127798,0,5313.899064,2361.965812,667864.4078
"153","A Native Texas Dent","American landrace","G7","Not_Flooded","Herbivory","Herbivory","G7_H_5",40.79,94,32273.27776,0,7914.096592,0,3886.859524,0,0,0,365.2365776,0,0,631.3312086,0,742.1671978,115774.1848,2630.62025,0,9760.995342,0,0,608.4334396,1132.189262,0,0,368.9384653,0,369.0610444,0,23485.46212,812.0617798,0,80036.67566,0,1709.168914,0,0,355.6508948,0,666.0701152,653.8857563,0,284176.3667
"154","A Native Texas Dent","American landrace","G7","Flooded","No","Flooding","G7_F_1",42.26,81.1,29298.98249,0,11994.60483,333.5305253,7529.531472,116.2565073,3306.625651,0,239.1386654,118.2442026,0,86.58305726,1067.084714,0,14875.91103,2598.603881,3738.23947,12311.05064,80.52531945,122.4325603,917.91292,1366.895409,0,0,0,0,592.5224799,0,102.0113583,0,0,0,0,397.5627071,0,0,266.2801704,156.5546616,0,175.4141032,102.9815428,91895.48037
"155","A Native Texas Dent","American landrace","G7","Flooded","No","Flooding","G7_F_2",37.06,79.9,38593.68591,0,18468.88829,2012.034539,5351.349164,0,2975.364274,0,457.987048,144.414463,411.3869401,482.2180248,403.5348084,0,4582.029142,5999.028602,2287.938478,25328.84512,0,134.4576363,457.0966001,219.4549379,0,0,1608.041015,238.720993,2576.308689,0,557.0426336,0,293.1462493,0,115.3804641,0,0,0,0,0,140.1511063,119.9406368,0,113958.4458
"156","A Native Texas Dent","American landrace","G7","Flooded","No","Flooding","G7_F_3",23.4,55.4,58443.67521,0,13797.60684,565.5128205,7798.589744,0,2568.760684,0,478.1623932,0,222.4786325,0,260.2991453,0,10583.88889,3735.555556,0,19730.34188,0,183.1196581,0,0,0,0,0,0,0,0,0,0,0,0,0,0,0,0,0,327.4786325,243.974359,0,0,118939.4444
"157","A Native Texas Dent","American landrace","G7","Flooded","No","Flooding","G7_F_4",35.94,71.2,35290.81803,0,9179.799666,3339.927657,5255.926544,0,0,0,0,0,130.9682805,159.2654424,866.0823595,0,33838.11909,2176.182526,0,7604.590985,0,0,156.5943239,448.0801336,0,0,0,0,0,0,213.2721202,0,83.08291597,0,106.1769616,0,0,0,0,0,0,0,613.6616583,99462.54869
"158","A Native Texas Dent","American landrace","G7","Flooded","Herbivory","DualStress","G7_FH_1",38.05,79,95464.31012,21554.34954,28697.00394,2150.565046,14442.62812,1111.800263,4435.532194,3005.256242,200.3416557,0,0,0,2326.176084,13780.57819,11649.59264,1362.207622,0,28387.8318,254.8751643,0,0,0,0,0,2914.375821,462.6281209,388.1208936,0,7679.290407,0,0,2260.735874,0,0,0,0,206.7805519,847.9632063,0,0,0,243582.9435
"159","A Native Texas Dent","American landrace","G7","Flooded","Herbivory","DualStress","G7_FH_2",21.7,57.4,248210,111612.3502,62404.70046,11932.53456,120026.8203,10352.35023,14391.05991,0,2968.986175,506.8663594,0,743.4562212,4201.658986,44428.3871,39892.39631,3982.211982,0,62675.29954,627.8341014,0,1107.419355,744.3778802,0,0,7679.262673,1077.281106,4241.935484,0,17381.98157,550,0,6974.37788,0,0,0,0,659.4930876,652.9953917,0,0,0,780026.0369
"160","A Native Texas Dent","American landrace","G7","Flooded","Herbivory","DualStress","G7_FH_3",35.14,72.1,117937.6779,21585.79966,38589.58452,3771.997723,15841.9465,1054.040979,6513.346614,0,247.097325,0,256.8867388,263.1189528,9883.921457,13537.84861,727.3762094,2041.035857,0,37996.78429,335.4581673,0,0,0,0,0,609.6471258,5870.546386,292.0318725,0,14893.22709,0,0,8371.286283,317.5298805,0,0,0,729.5105293,474.0466705,258.992601,0,0,302400.7399
"161","A Native Texas Dent","American landrace","G7","Flooded","Herbivory","DualStress","G7_FH_4",31.95,65.9,140827.8873,139555.3678,44862.47261,4096.244131,99650.89202,28545.28951,11494.3349,0,694.2723005,608.200313,403.1924883,890.9859155,1755.117371,30942.723,52796.30673,3472.58216,0,51835.43036,445.915493,0,0,294.1158059,0,0,3129.984351,424.4757433,895.6494523,0,0,0,0,0,0,0,0,0,0,0,0,0,0,617621.4398
"162","A Native Texas Dent","American landrace","G7","Flooded","Herbivory","DualStress","G7_FH_5",25.15,61.9,171400.2358,178672.4558,77500.66798,3968.369352,166435.835,30150.96267,19416.38507,0,5547.426326,931.2770138,721.1001965,2408.526523,19398.15324,56759.09627,144676.2279,5778.939096,1109.115914,96734.30255,849.6660118,0,657.956778,1644.243615,0,644.7544204,1267.544204,0,1226.679764,0,3749.390963,0,0,7525.343811,558.1925344,0,0,0,2236.817289,0,896.1100196,371.9449902,782.2396857,1004019.961
"163","MR19 (Santo Domingo)","Inbred landrace","G8","Not_Flooded","No","Control","G8_C_1",61.83,104.8,23348.26136,0,337.5222384,0,2095.972829,0,763.3996442,0,0,0,0,0,0,0,3497.493126,1177.163189,0,37641.8567,0,0,388.2743005,173.2815785,0,0,528.918001,0,80639.59243,312.4535015,195.7464014,0,3016.771794,0,171.0981724,0,0,170.2895035,207.261847,432.5408378,986.0100275,292.9160602,0,156376.8235
"164","MR19 (Santo Domingo)","Inbred landrace","G8","Not_Flooded","No","Control","G8_C_2",59.78,101.2,21561.86015,0,4313.432586,0,2341.468719,0,556.256273,0,0,0,0,0,0,0,2725.175644,1291.468719,136.1993978,41335.71429,0,0,382.3352292,126.8651723,0,0,385.0618936,123.8206758,53665.25594,210.6891937,334.9113416,0,1929.257277,0,128.4376046,0,177.9357645,191.5523586,295.9016393,489.5784543,1360.120442,381.8668451,0,134445.1656
"165","MR19 (Santo Domingo)","Inbred landrace","G8","Not_Flooded","No","Control","G8_C_3",40.43,105.4,55257.95202,0,9708.854811,0,3072.297799,0,1912.639129,0,0,0,0,242.2211229,253.1288647,228.2216176,10385.45634,3255.107593,236.0870641,65460.67277,171.5557754,0,414.6920604,0,0,165.3722483,491.9861489,0,77615.26094,310.9819441,1556.270096,0,2879.000742,0,184.6153846,0,0,176.4283948,328.1968835,666.6336879,1351.793223,346.796933,0,236672.2236
"166","MR19 (Santo Domingo)","Inbred landrace","G8","Not_Flooded","No","Control","G8_C_4",55.93,98,29865.99321,0,6049.901663,0,2305.810835,0,411.1746826,0,0,0,0,0,182.817808,180.2431611,8093.724298,1951.779009,190.2735562,47531.41427,0,0,176.0236009,0,0,0,422.3851243,0,79543.769,296.5671375,741.337386,0,2771.053102,0,179.0631146,0,0,292.9197211,0,295.1546576,1104.57715,338.3693903,0,182924.3519
"167","MR19 (Santo Domingo)","Inbred landrace","G8","Not_Flooded","No","Control","G8_C_5",35.14,90.6,71478.68526,0,11647.06887,0,4343.255549,0,784.8321002,0,0,0,0,0,0,0,8943.568583,2849.943085,0,78349.97154,0,0,989.6414343,288.4462151,0,0,928.2868526,0,137466.5339,504.8377917,2449.544678,0,5590.52362,0,369.3227092,0,392.1741605,790.3244166,536.7672168,1077.717701,3536.596471,1004.467843,0,334322.51
"168","MR19 (Santo Domingo)","Inbred landrace","G8","Not_Flooded","No","Control","G8_C_6",69.14,108.9,17391.29303,0,3172.172404,0,1912.293896,0,247.6424646,0,0,0,0,0,118.9759907,0,5770.031819,728.9991322,0,31424.68904,0,0,303.1964131,0,0,0,260.2979462,0,45588.76193,194.2001736,826.3957188,0,1708.53341,0,130.7492045,0,108.4610934,119.4388198,175.4555973,348.119757,935.6233729,259.3722881,0,111724.7035
"169","MR19 (Santo Domingo)","Inbred landrace","G8","Not_Flooded","Herbivory","Herbivory","G8_H_1",83.55,133.4,0,0,508.7971275,706.4033513,1719.174147,0,872.4835428,517.7977259,17818.07301,0,0,0,4403.31538,0,20531.93297,359.4494315,0,2045.314183,0,0,5341.903052,3684.117295,0,0,1306.678636,0,18917.52244,0,48640.98145,1627.06164,1141.160981,60086.95392,176.6726511,673.3453022,369.94614,521.9748654,342.5254339,540.2393776,1486.391382,2533.357271,251.5260323,197125.0987
"170","MR19 (Santo Domingo)","Inbred landrace","G8","Not_Flooded","Herbivory","Herbivory","G8_H_2",47.9,93.1,23373.27766,15204.71816,2526.680585,0,3197.43215,0,0,0,0,0,0,0,1044.217119,1687.76618,24087.07724,0,0,10027.76618,0,0,0,0,0,0,571.8997912,0,112522.3173,0,2789.728601,0,3783.94572,4278.830898,272.0041754,0,0,264.1336117,0,0,1226.012526,254.5720251,0,207112.3799
"171","MR19 (Santo Domingo)","Inbred landrace","G8","Not_Flooded","Herbivory","Herbivory","G8_H_3",50.46,94.6,10765.08125,16847.28498,1599.068569,0,2535.671819,0,337.3563218,0,0,0,0,0,675.8818866,1560.027745,17838.01031,0,0,8524.950456,0,0,0,0,0,0,823.1272295,0,164183.3333,0,1634.978201,0,5452.873563,2314.427269,379.8652398,0,0,0,0,0,1898.454221,417.7566389,0,237788.149
"172","MR19 (Santo Domingo)","Inbred landrace","G8","Not_Flooded","Herbivory","Herbivory","G8_H_4",45.21,94.1,40200.99536,1351.249724,5076.531741,0,3488.608715,0,841.6500774,0,0,0,0,0,1558.526875,616.9431542,33336.54059,0,0,10502.74276,0,0,0,0,0,0,1075.713338,0,177880.9334,0,8642.158814,0,6196.01858,13579.65052,637.8234904,0,0,0,0,0,1701.504092,372.6609157,0,307060.2521
"173","MR19 (Santo Domingo)","Inbred landrace","G8","Not_Flooded","Herbivory","Herbivory","G8_H_5",23.68,77,87443.36993,0,8119.721284,0,6019.130068,0,0,0,0,0,0,0,0,0,35546.66385,0,0,21885.85304,0,0,2062.077703,0,0,0,5725,0,729994.7635,0,14425.38007,0,29591.68074,21310.68412,2269.679054,0,0,0,1468.454392,0,5555.194257,0,0,971417.652
"174","MR19 (Santo Domingo)","Inbred landrace","G8","Not_Flooded","Herbivory","Herbivory","G8_H_6",37.87,91.4,47841.53684,1340.005281,7524.716134,1073.646686,3522.603644,0,2097.174544,0,0,0,0,0,1374.254027,0,85854.15896,0,0,14819.88381,0,0,0,0,0,0,3525.957222,0,536156.9844,0,14323.73911,0,20896.27674,20805.1756,1742.962767,0,0,0,1164.087668,0,3491.391603,0,0,767554.555
"175","MR19 (Santo Domingo)","Inbred landrace","G8","Flooded","No","Flooding","G8_F_1",11.29,51.1,235531.8866,0,48580.24801,2030.64659,12995.03986,0,12295.21701,0,0,0,0,1674.313552,13701.59433,0,148838.9725,8481.045173,0,231123.6492,0,0,0,1903.631532,0,0,5813.020372,0,792183.3481,2220.549159,16393.97697,0,30607.26306,0,1638.086802,0,0,0,2042.161205,0,2755.71302,0,4098.317095,1574908.68
"176","MR19 (Santo Domingo)","Inbred landrace","G8","Flooded","No","Flooding","G8_F_2",18.71,53.6,132404.7568,0,40240.4062,1729.609834,8935.114912,0,12389.25708,0,0,0,1187.707108,1241.528594,2467.290219,0,99927.84607,5108.765366,0,80928.54089,565.6333511,0,0,0,0,0,1379.208979,0,269034.4735,599.6793159,5052.271513,0,9582.950294,0,641.6889364,0,0,0,2104.64992,0,2254.569749,0,767.1833244,678543.132
"177","MR19 (Santo Domingo)","Inbred landrace","G8","Flooded","No","Flooding","G8_F_3",10.54,53.9,294110.2467,0,77256.64137,4715.275142,13676.18596,0,13694.87666,0,0,0,1700.56926,2919.544592,26656.07211,0,321361.4801,9789.089184,0,228720.3036,0,0,0,0,0,0,5140.417457,0,706659.203,1637.096774,21836.24288,0,25099.14611,0,2792.59962,0,0,0,3151.70778,0,3977.324478,0,2877.893738,1767771.917
"178","MR19 (Santo Domingo)","Inbred landrace","G8","Flooded","No","Flooding","G8_F_4",3.99,34.4,933286.2155,0,228041.604,0,38131.82957,0,22896.74185,0,0,0,0,4938.095238,23227.56892,0,279514.787,55266.66667,6550.877193,1056358.647,0,0,0,0,0,0,14845.86466,0,2229239.599,4687.719298,21735.08772,0,84978.19549,0,6383.9599,0,0,0,17592.23058,0,6051.629073,0,9092.481203,5042819.8
"179","MR19 (Santo Domingo)","Inbred landrace","G8","Flooded","No","Flooding","G8_F_5",8.95,40.9,280645.0279,0,92762.34637,7287.039106,16555.30726,0,21986.48045,0,0,0,2550.27933,2953.184358,8667.821229,0,223910.1676,15015.75419,0,234932.1788,0,0,0,0,0,0,3723.128492,0,722411.1732,1462.681564,13431.06145,0,24419.32961,0,1667.374302,0,0,0,3469.608939,0,4141.005587,0,1723.351955,1683714.302
"180","MR19 (Santo Domingo)","Inbred landrace","G8","Flooded","No","Flooding","G8_F_6",10.02,41.3,203491.1178,0,65309.38124,4479.840319,15395.20958,0,16268.46307,0,0,0,1775.848303,3759.181637,22910.07984,0,309343.4132,8669.261477,4222.55489,180837.8244,0,0,0,0,0,0,4470.558882,0,755954.7904,1748.802395,10506.88623,0,27671.05788,0,2003.193613,0,0,0,2904.391218,0,3423.852295,0,4141.916168,1649287.625
"181","MR19 (Santo Domingo)","Inbred landrace","G8","Flooded","Herbivory","DualStress","G8_FH_1",14.13,50.4,284848.8323,278812.9512,119858.1741,6412.738854,48345.71833,0,19038.28733,0,0,1155.484784,2347.629158,3299.646143,10876.78698,252946.6384,65669.28521,35986.6242,2848.903043,530617.9759,1522.646851,0,0,0,0,4268.931352,1832.200991,0,265784.4303,3687.685775,15379.68861,0,8974.734607,19824.69922,0,0,0,0,16636.02265,0,1405.661713,0,1184.43029,2003566.808
"182","MR19 (Santo Domingo)","Inbred landrace","G8","Flooded","Herbivory","DualStress","G8_FH_2",7.66,50,603846.3446,273628.1984,122299.2167,3844.255875,44265.27415,0,19303.13316,0,0,5003.655352,0,1451.174935,9360.574413,211369.5822,59031.85379,29449.21671,0,427456.3969,0,0,0,0,0,0,0,0,284505.0914,3912.663185,11451.69713,0,7671.801567,9564.751958,0,0,0,0,2399.869452,0,0,0,0,2129814.752
"183","MR19 (Santo Domingo)","Inbred landrace","G8","Flooded","Herbivory","DualStress","G8_FH_3",4.39,43.9,1287320.273,256795.4442,215288.1549,8943.963554,89377.22096,0,16124.14579,0,0,22716.17312,0,3061.275626,4709.111617,407708.4282,47366.97039,43255.35308,0,599194.7608,0,0,0,0,0,0,0,0,512387.6993,7466.059226,15446.69704,0,14040.77449,11308.65604,0,0,0,0,2689.977221,0,0,0,0,3565201.139
"184","MR19 (Santo Domingo)","Inbred landrace","G8","Flooded","Herbivory","DualStress","G8_FH_4",15.49,49.9,409485.1517,340261.3944,133776.9529,1834.409296,26214.26727,0,13314.13815,0,0,1338.411879,970.9489994,900.4519045,12274.82247,59210.07101,35293.93157,5995.674629,0,92746.99806,0,0,0,0,0,0,0,0,34327.30794,0,4401.807618,0,0,2758.876695,0,0,0,0,0,0,0,0,0,1175105.616
"185","MR19 (Santo Domingo)","Inbred landrace","G8","Flooded","Herbivory","DualStress","G8_FH_5",10.19,49.8,579378.999,95111.0893,192457.8018,2704.416094,29134.93621,0,25375.0736,0,0,2421.099117,0,1176.447498,11611.28557,90558.68499,66671.93327,7426.202159,0,158124.7301,0,0,0,0,0,0,0,0,144174.5829,0,7547.988224,0,3871.736997,7048.086359,0,0,0,0,0,0,0,0,0,1424795.093
"186","MR19 (Santo Domingo)","Inbred landrace","G8","Flooded","Herbivory","DualStress","G8_FH_6",9.86,53.2,597155.4767,892462.9817,209231.1359,4170.689655,39153.34686,0,25811.46045,0,0,2006.693712,2054.056795,0,16755.07099,103039.4523,52172.61663,12041.88641,0,145773.5294,0,0,0,0,0,0,0,0,134567.3428,0,7050.10142,0,3680.121704,5451.115619,0,0,0,0,0,0,0,0,0,2252577.079
"187","PHJ40","InbredModern","G9","Not_Flooded","No","Control","G9_C_1",50.04,100.4,14553.3773,0,3460.531575,522.6418865,3138.349321,0,1492.565947,0,160.1918465,0,62.88968825,235.3717026,659.2326139,0,26635.03197,1803.03757,138.2893685,41170.54357,0,0,1604.496403,4411.191047,0,190.3477218,326.4788169,0,47854.61631,0,859.41247,0,2077.198241,0,81.65467626,1267.505995,0,0,475.7793765,400.4596323,716.3069544,819.4844125,487.430056,155604.4165
"188","PHJ40","InbredModern","G9","Not_Flooded","No","Control","G9_C_2",42.2,105.1,24011.89573,1455.853081,4535.28436,584.4312796,2878.957346,0,1600.758294,0,174.8341232,0,0,81.25592417,216.3270142,106.943128,15927.51185,1824.71564,140.6872038,45408.48341,0,122.6303318,1566.445498,4517.440758,0,106.0663507,193.8625592,0,22552.98578,0,842.0379147,0,984.2417062,0,75,1199.668246,0,0,407.2985782,393.7440758,731.1848341,783.1516588,1117.701422,134541.3981
"189","PHJ40","InbredModern","G9","Not_Flooded","No","Control","G9_C_3",47.59,107.1,20312.58668,0,4084.744694,553.6457239,2743.013238,76.25551586,857.6171465,0,2827.526791,0,0,60.22273587,219.9201513,150.7039294,8894.221475,1784.63963,162.281992,42745.84997,0,123.9125867,1327.673881,3703.65623,0,92.14120614,199.9369615,62.93338937,25047.44694,0,736.3101492,0,1171.464593,0,0,1200.483295,0,0,295.965539,405.2532045,600.8405127,743.1183022,276.234503,121460.601
"190","PHJ40","InbredModern","G9","Not_Flooded","No","Control","G9_C_4",42.71,104.3,24310.91079,0,4971.856708,394.6616717,3429.196909,139.6862561,1497.658628,0,2282.627019,0,0,209.0845235,196.2772185,130.6953875,32097.82252,2283.633809,189.7213767,52740.48232,0,196.9328026,1664.387731,4575.509248,0,172.3015687,196.1367361,0,24479.95786,0,897.2605947,0,1186.302974,0,0,1216.74081,0,0,684.2191524,421.4937954,804.4954343,852.6340435,2407.492391,164630.1803
"191","PHJ40","InbredModern","G9","Not_Flooded","No","Control","G9_C_5",48.07,105.6,22922.80008,1025.109216,4892.739755,519.8252548,2433.971292,110.7135428,1037.944664,0,323.1953401,0,0,163.0746828,268.9827335,141.9804452,20871.08384,2163.157895,220.8029956,48149.69836,0,142.3132931,703.3492823,2362.84585,0,169.1283545,78.73933846,0,13718.20262,0,374.4747244,0,583.8568754,0,0,619.3883919,0,0,375.4108592,194.8616601,488.5583524,434.9906387,751.6954441,126242.8958
"192","PHJ40","InbredModern","G9","Not_Flooded","No","Control","G9_C_6",44.22,99.9,19596.24604,716.3500678,4054.500226,356.3772049,2815.739484,0,0,0,510.8095884,0,0,0,189.800995,0,10034.80326,1643.102668,209.2265943,47847.37675,0,166.9832655,1567.141565,3939.800995,0,115.4907282,295.8389869,0,34696.51741,0,910.1311624,0,1573.722298,0,0,1292.265943,0,0,154.9072818,504.7942108,577.8380823,641.1352329,189.3034826,134600.2035
"193","PHJ40","InbredModern","G9","Not_Flooded","Herbivory","Herbivory","G9_H_1",37.95,100.7,27002.79315,0,5396.442688,1099.710145,51945.5336,6318.735178,1657.048748,315.3886693,9626.007905,0,0,1628.484848,12256.62714,19195.75758,296727.8788,3794.756258,0,60363.1357,0,0,576.3899868,2191.857708,0,443.5836627,1013.227931,0,60197.65481,0,40100.94862,1381.581028,2109.038208,122402.3188,0,1152.252964,0,0,1055.731225,0,899.0777339,586.9565217,3806.482213,735245.4018
"194","PHJ40","InbredModern","G9","Not_Flooded","Herbivory","Herbivory","G9_H_2",56.25,101.5,0,0,1939.751111,440.7466667,2992.337778,0,1446.862222,0,2614.204444,0,153.8844444,920.5866667,2765.422222,349.1555556,140854.9511,1466.24,0,4379.857778,0,0,666.88,2551.715556,0,0,368.0355556,0,48868.72889,0,3476.995556,0,1625.92,8386.257778,0,1616.337778,0,0,512.3377778,0,905.4222222,592.7644444,1070.275556,230965.6711
"195","PHJ40","InbredModern","G9","Not_Flooded","Herbivory","Herbivory","G9_H_3",50.23,107.9,10339.02051,0,1793.370496,1615.946645,3657.893689,0,2267.688632,1608.640255,2892.036631,0,280.7883735,1232.868804,1639.279315,0,205021.3418,1175.731634,0,2941.548875,0,0,1076.965957,4080.569381,0,0,607.7244674,0,61128.44913,0,12112.64185,297.8299821,2161.875373,22995.38125,0,2801.075055,0,0,697.35218,0,1197.451722,830.1811666,624.4475413,347078.1007
"196","PHJ40","InbredModern","G9","Not_Flooded","Herbivory","Herbivory","G9_H_4",52.57,106.1,16970.0019,2303.29085,1756.039566,840.0798935,4331.1965,882.6517025,784.2305497,771.0481263,2549.648088,0,0,688.9670915,6797.508084,2731.824234,120223.4544,734.7917063,0,13501.27449,0,136.0852197,738.1206011,2616.663496,0,152.7867605,642.0011413,0,75104.83165,0,9699.733688,220.4679475,2621.932661,20540.72665,0,1578.428762,0,0,293.3231881,130.1692981,768.4040327,576.7928476,431.9954347,292118.4706
"197","PHJ40","InbredModern","G9","Not_Flooded","Herbivory","Herbivory","G9_H_5",43.32,98.2,31386.31117,16571.0988,3192.082179,704.6629732,21146.58356,1691.043398,2064.427516,6398.753463,4403.578024,0,0,1569.32133,16786.40351,10191.08957,258151.1773,2225.715605,0,23240.83564,0,0,880.4709141,3321.191136,0,0,536.6805171,0,55566.32041,0,14196.49123,431.0249307,1799.561404,36062.78855,0,1752.331487,0,0,946.7220683,0,817.820868,584.6952909,736.8421053,517356.0249
"198","PHJ40","InbredModern","G9","Not_Flooded","Herbivory","Herbivory","G9_H_6",40.64,96.4,28998.52362,1293.356299,2680.634843,2449.950787,10254.62598,337.8444882,4188.705709,2253.715551,7173.400591,0,627.5590551,1507.529528,6778.248031,4411.466535,230871.4567,2099.655512,0,13949.6063,0,0,1366.879921,4745.497047,0,0,1759.251969,0,224221.875,0,26106.20079,895.7923228,8328.764764,56229.20768,0,2965.994094,0,0,2125.049213,0,1238.508858,973.8927165,6197.096457,657030.2904
"199","PHJ40","InbredModern","G9","Flooded","No","Flooding","G9_F_1",26.47,77.1,92623.08274,0,12754.02342,2264.412543,14654.51454,0,3256.101247,12766.83037,2633.018512,0,2892.444277,1028.182849,3216.735927,612.3158292,91895.54212,4459.161315,0,83769.32376,0,0,446.8832641,1928.371742,0,0,0,0,19532.41405,0,1277.181715,0,528.031734,0,145.0698904,503.5889686,0,0,646.5432565,0,420.8537968,316.8492633,8300.377786,362871.8549
"200","PHJ40","InbredModern","G9","Flooded","No","Flooding","G9_F_2",29.39,80.9,77013.9163,0,12449.37053,1709.833277,5607.587615,0,3920.449132,0,0,268.5267098,0,342.9397754,1076.964954,469.9557673,13818.5097,4364.341613,165.3623682,98594.28377,0,0,471.5889758,1831.983668,0,149.1323579,146.2402178,0,35340.55801,0,133.6509017,0,901.3610071,0,0,359.0336849,0,0,562.5382783,140.0136101,338.2443008,0,1131.881592,261308.2681
"201","PHJ40","InbredModern","G9","Flooded","No","Flooding","G9_F_3",34.68,79.5,64198.73126,408.7658593,9343.713956,1273.673587,2525.05767,88.69665513,2977.45098,0,869.4059977,0,0,294.8096886,1612.139562,447.6066897,37794.14648,3396.741638,178.171857,73450.14418,0,0,0,1646.251442,0,196.0784314,149.0484429,0,36933.24683,0,1306.286044,0,3993.742791,0,0,513.9561707,0,0,511.6205306,116.3206459,419.9538639,271.7704729,2418.915802,247336.4475
"202","PHJ40","InbredModern","G9","Flooded","No","Flooding","G9_F_4",28.97,76.9,78849.98274,1467.725233,14222.95478,2179.875734,4682.533656,204.28029,3798.343114,0,2223.127373,143.7003797,219.9516741,1148.42941,4344.114601,653.7452537,124159.1647,5241.870901,185.9164653,96366.30998,0,0,634.5184674,2873.144632,0,550.811184,255.9544356,0,47000,0,5103.175699,0,14284.19054,0,0,934.4839489,0,0,737.7632033,0,941.5947532,596.3410425,5857.404211,419861.4084
"203","PHJ40","InbredModern","G9","Flooded","No","Flooding","G9_F_5",34.04,71,67272.85546,8783.989424,8621.034078,846.3572268,4280.904818,0,2458.049354,0,138.6016451,2314.277321,0,431.0810811,975.2643948,566.5099882,20849.82374,3001.938895,212.279671,75790.51116,0,0,0,1150.411281,0,229.6122209,0,0,14105.40541,0,309.3713278,0,344.6827262,0,0,264.012926,0,0,133.8425382,103.5840188,224.5887192,176.7626322,0,213585.7521
"204","PHJ40","InbredModern","G9","Flooded","No","Flooding","G9_F_6",19.01,69.8,138834.7712,713.5192004,17299.42136,1803.577065,6998.527091,174.1188848,0,0,0,0,0,0,332.9300368,222.3040505,7963.072067,6346.08101,463.6507102,144506.3125,0,311.5202525,821.9884271,3686.428196,0,396.580747,0,0,21315.72856,0,0,0,547.9747501,0,0,765.9652814,0,0,232.8774329,0,570.7522357,453.445555,0,354761.5466
"205","PHJ40","InbredModern","G9","Flooded","Herbivory","DualStress","G9_FH_1",25.9,79.7,50996.67954,42833.97683,17598.22394,18158.57143,92708.72587,17620.3861,100606.9112,0,4204.942085,5629.72973,4664.787645,21264.28571,34748.22394,45266.44788,432708.5714,13308.14672,7446.370656,107341.0039,3151.930502,0,4781.544402,1961.583012,3736.756757,6193.706564,2062.239382,2748.957529,200673.668,4567.528958,25346.9112,0,14197.14286,52230.57915,8537.992278,7574.826255,1733.050193,1891.853282,9477.528958,7513.629344,6178.532819,4305.135135,9458.880309,1397943.05
"206","PHJ40","InbredModern","G9","Flooded","Herbivory","DualStress","G9_FH_2",18.79,73.6,142127.7807,60813.46461,24768.12134,3340.447046,22452.20862,1704.896221,7394.358701,0,3723.203832,701.4369345,660.2980309,2341.351783,7904.417243,22575.46567,145516.9771,8338.424694,0,56750.82491,446.567323,0,1414.475785,5905.109101,0,0,777.115487,502.6609899,134458.2757,2103.565726,10206.12028,274.6673763,6346.460883,14141.03246,0,1564.342735,0,540.3938265,1287.546567,202.0755721,1710.058542,1056.519425,5075.838212,699126.5034
"207","PHJ40","InbredModern","G9","Flooded","Herbivory","DualStress","G9_FH_3",22.27,68.3,116453.2106,11998.24877,15845.80153,2648.450831,6722.002694,255.5904805,6506.960036,0,1071.17198,280.2873821,651.8634935,934.1715312,927.1665918,16584.86753,44350.33678,5379.748541,0,39757.74585,0,298.1589582,991.7377638,4157.296812,223.9784463,277.727885,389.4925909,112478.8954,1779.119892,1303.77189,147.8670858,3549.3489,728.1544679,204.0862146,0,1103.098339,0,0,146.2505613,0,1161.383026,700.6286484,334.9797934,400343.6013
"208","PHJ40","InbredModern","G9","Flooded","Herbivory","DualStress","G9_FH_4",18.57,70.1,246628.0022,263421.4324,70077.11362,3273.182553,120583.6295,15675.92892,0,0,3975.282714,636.8874529,1151.642434,1354.4965,16440.33387,54981.7986,152833.8718,3818.2014,298.1152396,66778.83683,0,0,0,0,1256.488961,0,0,0,32582.76791,0,7085.621971,0,927.5713516,11365.58966,0,328.1098546,0,0,1106.785137,0,0,0,0,1076581.691
"209","PHJ40","InbredModern","G9","Flooded","Herbivory","DualStress","G9_FH_5",28.76,76,128737.3435,190601.9819,40301.87761,2748.018081,137427.0515,43925.66064,0,0,5672.044506,597.6008345,969.9930459,1992.976356,33634.14465,28393.42837,302616.6203,2959.45758,305.0764951,41688.45619,0,0,353.1988873,0,1589.812239,0,357.5452017,0,44170.65369,0,14048.67872,709.596662,1579.833102,31784.9096,556.6063978,0,554.9721836,0,8852.399166,0,0,0,0,1067129.937
"210","PHJ40","InbredModern","G9","Flooded","Herbivory","DualStress","G9_FH_6",26.92,70.8,157081.9837,162850.8544,44378.30609,2406.389302,101569.2422,10551.82021,11341.41902,0,2344.279346,1604.569094,461.961367,904.3833581,12367.3477,47691.23328,103142.682,3107.68945,245.9881129,47942.71917,0,0,234.4725111,0,939.1901932,0,0,0,21925.11144,0,5334.026746,0,548.6998514,8767.273403,181.8350669,210.2526003,0,0,1780.869242,0,0,0,0,749914.5989
"211","DKC68-24","Conventional hybrid","G10","Not_Flooded","No","Control","G10_C_1",97.95,129.9,15780.74528,0,4020.010209,1814.517611,1382.29709,0,797.6927004,0,327.6671771,55.21184278,0,0,784.5227157,146.6870852,1373.221031,1623.695763,107.2179684,32052.82287,0,95.94691169,2974.24196,2034.558448,0,101.6130679,119.2853497,0,308.8820827,0,59.49974477,0,0,0,0,111.3425217,0,0,66.44206228,104.6145993,56.98825932,125.4109239,0,66425.13527
"212","DKC68-24","Conventional hybrid","G10","Not_Flooded","No","Control","G10_C_2",87.54,123.7,15883.51611,97.80671693,3933.104866,1764.439114,1919.705278,0,533.6988805,0,471.0646562,0,0,53.90678547,1229.175234,180.0776788,3905.631711,1390.38154,90.05026274,28400.36555,0,62.94265479,2192.87183,1645.681974,81.58556089,0,271.3159698,NA,240.7585104,0,59.20721956,0,0,0,0,83.9501942,0,0,79.47224126,57.72218414,77.46173178,128.4441398,NA,64834.33859
"213","DKC68-24","Conventional hybrid","G10","Not_Flooded","No","Control","G10_C_3",80.04,119.8,21915.91704,0,4831.996502,2526.186907,1683.433283,0,1860.457271,0,693.6656672,0,0,93.37831084,1513.493253,172.0514743,4902.411294,1916.016992,136.5567216,37354.98501,0,81.89655172,2711.569215,2033.42079,0,156.3218391,138.9055472,0,318.8530735,0,0,0,0,0,0,119.2653673,0,0,202.7736132,103.035982,67.01649175,166.7291354,143.4032984,85843.74063
"214","DKC68-24","Conventional hybrid","G10","Not_Flooded","No","Control","G10_C_4",48.63,112.3,20519.76146,2437.075879,7282.438824,11829.54966,2834.155871,0,2346.822949,0,2383.508123,424.3265474,0,0,8514.065392,99.3008431,12150.17479,3232.942628,292.9878676,54414.39441,0,140.5099733,7414.970183,6019.370759,0,188.9574337,1283.569813,222.7225992,957.6393173,0,392.6588526,83.6931935,933.5595312,0,0,497.6968949,0,0,407.6290356,99.91774625,231.955583,630.454452,212.1324285,148478.943
"215","DKC68-24","Conventional hybrid","G10","Not_Flooded","No","Control","G10_C_5",58.02,114.5,38586.14271,0,8122.681834,3700,2425.405033,0,3075.094795,0,2016.856256,114.8052396,62.28886591,104.3260945,3334.78111,287.9007239,11995.70838,3121.009997,252.3440193,52397.36298,0,148.4315753,3783.212685,2792.830059,0,164.0813513,596.0013788,93.6918304,397.8628059,0,142.4336436,0,107.7559462,0,0,147.6042744,0,0,168.9072734,112.4956911,75.16373664,159.0313685,707.9627715,139194.1744
"216","DKC68-24","Conventional hybrid","G10","Not_Flooded","No","Control","G10_C_6",87.25,130.8,22963.02579,0,5600.504298,1516.87106,1540.011461,0,1855.335244,0,873.0659026,0,46.25787966,68.74498567,1278.223496,222.5558739,6051.255014,2263.426934,185.6962751,40220.6533,0,114.8767908,1590.716332,1259.151862,0,152.0114613,205.4441261,0,183.0372493,0,0,0,0,0,0,52.55014327,0,0,218.4527221,0,0,72.59598854,568.6189112,89103.0831
"217","DKC68-24","Conventional hybrid","G10","Not_Flooded","Herbivory","Herbivory","G10_H_1",68.07,116.8,14487.86543,0,3187.762597,16599.14794,2486.734244,0,623.4023799,555.531071,4442.808873,75.96591744,100.7639195,323.4023799,7612.589981,283.6932569,57622.37403,2039.562215,0,3934.479213,0,0,1162.215367,1001.674747,0,0,1047.58337,117.5554576,268.2679595,0,6810.915234,228.6910533,0,15647.40708,0,0,0,0,197.2381372,118.3928309,202.5855737,216.1598355,806.4639342,142201.234
"218","DKC68-24","Conventional hybrid","G10","Not_Flooded","Herbivory","Herbivory","G10_H_2",58.99,111.1,16721.05442,0,3183.370063,25060.2814,2014.900831,0,1338.752331,1176.419732,16607.78098,0,0,1310.866249,22722.1902,0,282637.0232,3409.086286,0,8627.903034,0,0,2445.668757,2198.57603,0,487.0825564,1721.851161,0,841.9732158,0,29305.76369,1048.87269,0,64856.95881,0,0,0,0,456.7892863,444.7703001,418.426852,823.003899,1056.094253,490915.4602
"219","DKC68-24","Conventional hybrid","G10","Not_Flooded","Herbivory","Herbivory","G10_H_3",80.66,129.3,16151.71089,329.6677411,1714.877263,14763.5631,6147.557649,0,624.336722,471.2992809,3458.938755,0,117.98909,570.1338954,8012.918423,414.9764443,88322.88619,2003.905281,0,3741.569551,0,0,842.0902554,790.7760972,0,326.6303,892.9704934,95.85916191,288.0362013,0,12188.50731,431.5150012,0,33558.20729,0,0,0,0,304.0416563,165.5467394,129.0602529,389.4123481,211.728242,197460.7116
"220","DKC68-24","Conventional hybrid","G10","Not_Flooded","Herbivory","Herbivory","G10_H_4",72.58,124.2,16997.80931,0,6144.543952,18843.23505,16643.71728,0,1368.200606,1076.522458,12009.71342,588.9639019,526.2193442,2646.045743,46910.81565,13422.45798,253922.6371,4461.463213,0,29101.54312,0,393.0421604,1242.339487,1105.125379,0,1220.157068,1088.357674,350.0688895,0,0,15574.67622,488.950124,0,29507.24718,0,0,0,0,0,269.3717277,308.845412,452.9622486,524.9104436,477189.9421
"221","DKC68-24","Conventional hybrid","G10","Not_Flooded","Herbivory","Herbivory","G10_H_5",64.05,119.7,17628.55582,0,4059.937549,24402.01405,12379.07884,0,1408.415301,1628.711944,29221.90476,0,0,3665.886027,56315.89383,0,533111.7721,3460.265418,0,10937.36144,0,0,1631.131928,1420.078064,0,2143.497268,1873.021077,0,1579.328649,0,46614.67603,1576.580796,0,88326.37002,0,0,0,0,0,538.0952381,603.6221702,1409.539422,3566.479313,849502.2171
"222","DKC68-24","Conventional hybrid","G10","Not_Flooded","Herbivory","Herbivory","G10_H_6",60.91,121.3,21394.76276,0,4900.476112,27948.21868,10274.61829,0,2261.25431,1571.909374,26838.45017,0,506.0581185,2984.501724,31162.19012,0,411357.035,4285.355442,0,9785.207683,0,473.1406994,1745.394845,1531.259235,0,1845.624692,2942.209818,0,1832.21146,0,53137.16959,2056.788705,0,102757.626,0,0,0,0,1029.847316,926.9249713,755.0648498,1802.692497,3524.856345,731630.8488
"223","DKC68-24","Conventional hybrid","G10","Flooded","No","Flooding","G10_F_1",60.07,109.4,37835.9747,5393.157982,6565.806559,8833.194606,3638.072249,0,1610.804062,200.1997669,526.1195272,341.9011154,81.27184951,52.30564342,2780.156484,176.7604461,7541.817879,2034.459797,106.1594806,43725.90311,0,0,4881.521558,4058.06559,0,0,953.9703679,123.5724988,576.1444981,59.14766106,71.96603962,277.3098052,0,0,0,229.4489762,0,0,47.64441485,80.60595971,114.8659897,220.2264025,72.1824538,133210.7375
"224","DKC68-24","Conventional hybrid","G10","Flooded","No","Flooding","G10_F_2",34.9,90.1,60841.60458,0,7468.510029,21389.25501,5507.106017,0,484.0687679,505.3295129,1195.530086,0,201.747851,62.97994269,15575.78797,0,14069.42693,3020.544413,109.0830946,21006.76218,0,0,3551.060172,2934.756447,0,0,352.2922636,0,243.1232092,0,299.1690544,0,0,0,0,0,0,0,100.8882521,0,294.8424069,232.9512894,0,159446.8195
"225","DKC68-24","Conventional hybrid","G10","Flooded","No","Flooding","G10_F_3",41.06,92.2,60194.83682,0,20526.08378,20066.60984,3858.913785,0,10331.95324,701.7535314,1991.183634,582.148076,177.9347297,0,6157.98831,850.1948368,16111.76327,8585.460302,333.7798344,158736.4345,0,379.079396,9043.667803,7412.786167,0,222.0896249,2220.603994,320.6283488,1090.16074,0,213.5411593,0,745.2021432,0,0,517.7788602,0,0,944.6906965,479.7613249,348.5630784,523.2099367,1043.058938,334711.8607
"226","DKC68-24","Conventional hybrid","G10","Flooded","No","Flooding","G10_F_4",61.04,111.4,26073.36173,0,4629.898427,9552.293578,2460.747051,0,649.4757536,202.7522936,734.3381389,0,0,0,3908.813893,159.6821756,5227.834207,1768.037353,80.86500655,43926.75295,0,70.41284404,1813.71232,1536.828309,0,106.8971166,850.9010485,91.44823067,170.0196592,0,0,0,0,0,0,0,0,0,0,0,141.8577982,139.7444299,72.11664482,104368.791
"227","DKC68-24","Conventional hybrid","G10","Flooded","No","Flooding","G10_F_5",39.69,94.8,46445.83018,0,5566.087176,39370.77349,4245.175107,0,2753.439153,1216.024187,2115.923406,366.792643,120.7860922,355.2784077,32109.82615,0,38752.17939,2575.988914,2576.215671,53646.00655,0,114.6888385,0,0,0,0,5777.324263,811.4134543,0,0,973.015873,0,1024.565382,0,0,0,0,0,267.4981104,1439.68254,1139.707735,224.1370622,208.7931469,244197.1529
"228","DKC68-24","Conventional hybrid","G10","Flooded","No","Flooding","G10_F_6",39.12,93,42013.72699,0,7422.571575,21947.46933,4223.977505,0,2047.827198,708.0521472,1914.723926,436.196319,117.6891616,159.0235174,19553.98773,0,20081.5184,2855.904908,99.76993865,63019.4274,0,171.0633947,5306.186094,4344.810838,0,171.497955,1325.843558,156.390593,502.8885481,0,119.1717791,0,112.9345603,0,0,166.692229,0,0,153.5787321,120.9611452,279.1666667,267.2801636,245.0664622,200045.3988
"229","DKC68-24","Conventional hybrid","G10","Flooded","Herbivory","DualStress","G10_FH_1",35.7,87.8,43024.98599,882.464986,11768.93557,43171.76471,23478.62745,0,3376.022409,1826.918768,18773.64146,711.3445378,825.9383754,2885.686275,73002.493,0,475308.7115,9153.893557,619.8879552,32949.32773,0,0,5871.148459,5156.862745,0,782.5210084,4117.45098,0,2633.305322,0,56755.15406,1954.621849,0,100756.0504,0,547.9271709,0,0,946.3305322,992.9691877,750.0560224,1852.829132,10927.22689,935805.098
"230","DKC68-24","Conventional hybrid","G10","Flooded","Herbivory","DualStress","G10_FH_2",40.68,90.1,36972.86136,1030.60472,10659.39036,23037.48771,3644.936087,0,1601.548673,680.6784661,3278.539823,387.3647984,327.8023599,0,19350.66372,1078.834808,29148.96755,4601.278269,44.22320551,21210.07866,0,125.93412,3030.653884,2588.003933,0,61.6027532,1323.47591,138.913471,509.1199607,0,7091.199607,218.9528024,0,16550.17207,0,112.2173058,0,0,493.1907571,154.4985251,198.107178,188.5939036,437.3647984,190277.2615
"231","DKC68-24","Conventional hybrid","G10","Flooded","Herbivory","DualStress","G10_FH_3",53.01,106.5,25576.60819,247.0854556,4993.30315,26084.28598,2175.947934,0,1868.024901,909.7717412,5936.69119,169.2699491,425.6744011,854.3671005,15431.23939,680.2867384,136170.2886,3668.854933,0,10333.48425,0,0,2440.067912,2094.680249,0,0,1700.60366,175.8158838,1153.32956,0,20029.99434,740.3886059,0,53495.68006,0,197.6985474,0,0,318.2795699,398.7172232,276.5327297,0,3248.74552,321795.7178
"232","DKC68-24","Conventional hybrid","G10","Flooded","Herbivory","DualStress","G10_FH_4",37.87,88.4,101597.2274,0,33668.86718,8994.718775,187724.3993,0,7550.594138,1032.928439,12230.97439,332.1098495,792.3950356,951.9936625,70367.75812,20546.89728,142564.7742,1998.7061,0,34100.39609,0,0,652.8914708,469.2632691,0,809.4269871,672.6960655,0,489.8072353,0,20470.18748,364.2989173,0,32304.7267,420.5175601,0,0,0,188.6717719,0,0,0,0,681297.2274
"233","DKC68-24","Conventional hybrid","G10","Flooded","Herbivory","DualStress","G10_FH_5",46.16,100.1,82235.61525,0,28763.2799,8391.291161,58922.46534,0,7071.078856,0,6498.071924,390.229636,466.8110919,570.5155979,38727.16638,20367.00607,81000.2383,3058.882149,215.6629116,30677.64298,0,304.8960139,620.992201,508.3405546,0,590.0996534,955.5025997,145.212305,83.05892548,0,8979.52773,161.7417678,94.95233969,14828.18458,0,0,0,0,1383.838821,91.50779896,0,0,313.3882149,396417.2011
"234","DKC68-24","Conventional hybrid","G10","Flooded","Herbivory","DualStress","G10_FH_6",37.13,83.2,102876.111,0,38974.68354,10509.6418,153497.9262,0,8458.901158,1781.389712,12044.43846,838.4594667,873.4985187,990.3043361,62023.05413,19356.45031,117185.9413,2903.312685,0,33601.18503,0,0,1631.861029,1230.29895,0,1261.486668,590.0350121,0,374.7912739,0,13780.42015,248.6399138,0,21737.84002,309.6148667,0,0,0,569.0816052,0,0,0,0,607649.3671
